fecha,valor,completo_mediciones,completo_umbral
2007/01/01,0.00,100.0,100.0
2007/01/02,0.00,100.0,100.0
2007/01/03,0.00,100.0,100.0
2007/01/04,0.00,100.0,100.0
2007/01/05,0.00,100.0,100.0
2007/01/06,0.00,100.0,100.0
2007/01/07,0.00,100.0,100.0
2007/01/08,0.00,100.0,100.0
2007/01/09,6.10,100.0,100.0
2007/01/10,0.10,100.0,100.0
2007/01/11,0.00,100.0,100.0
2007/01/12,0.00,100.0,100.0
2007/01/13,0.00,100.0,100.0
2007/01/14,0.00,100.0,100.0
2007/01/15,0.00,100.0,100.0
2007/01/16,0.00,100.0,100.0
2007/01/17,1.40,100.0,100.0
2007/01/18,2.20,100.0,100.0
2007/01/19,5.80,100.0,100.0
2007/01/20,1.50,100.0,100.0
2007/01/21,0.50,100.0,100.0
2007/01/22,2.20,100.0,100.0
2007/01/23,0.00,100.0,100.0
2007/01/24,0.00,100.0,100.0
2007/01/25,19.90,100.0,100.0
2007/01/26,7.80,100.0,100.0
2007/01/27,0.30,100.0,100.0
2007/01/28,0.00,100.0,100.0
2007/01/29,0.00,100.0,100.0
2007/01/30,0.00,100.0,100.0
2007/01/31,0.00,100.0,100.0
2007/02/01,0.00,100.0,100.0
2007/02/02,0.00,100.0,100.0
2007/02/03,0.00,100.0,100.0
2007/02/04,0.00,100.0,100.0
2007/02/05,0.00,100.0,100.0
2007/02/06,0.00,100.0,100.0
2007/02/07,0.20,100.0,100.0
2007/02/08,0.00,100.0,100.0
2007/02/09,0.00,100.0,100.0
2007/02/10,0.00,100.0,100.0
2007/02/11,0.00,100.0,100.0
2007/02/12,0.00,100.0,100.0
2007/02/13,7.60,99.7,100.0
2007/02/14,4.20,100.0,100.0
2007/02/15,11.40,100.0,100.0
2007/02/16,15.10,98.3,95.8
2007/02/17,2.00,100.0,100.0
2007/02/18,0.30,100.0,100.0
2007/02/19,1.00,100.0,100.0
2007/02/20,6.80,100.0,100.0
2007/02/21,0.00,100.0,100.0
2007/02/22,0.00,100.0,100.0
2007/02/23,0.00,100.0,100.0
2007/02/24,0.00,100.0,100.0
2007/02/25,0.00,100.0,100.0
2007/02/26,0.00,100.0,100.0
2007/02/27,0.00,100.0,100.0
2007/02/28,0.00,100.0,100.0
2007/03/01,0.00,100.0,100.0
2007/03/02,0.00,100.0,100.0
2007/03/03,0.00,100.0,100.0
2007/03/04,0.00,100.0,100.0
2007/03/05,16.80,100.0,100.0
2007/03/06,1.10,100.0,100.0
2007/03/07,0.30,100.0,100.0
2007/03/08,0.10,100.0,100.0
2007/03/09,0.00,100.0,100.0
2007/03/10,0.00,100.0,100.0
2007/03/11,0.00,100.0,100.0
2007/03/12,0.00,100.0,100.0
2007/03/13,4.90,100.0,100.0
2007/03/14,17.50,100.0,100.0
2007/03/15,6.00,100.0,100.0
2007/03/16,11.00,100.0,100.0
2007/03/17,4.20,100.0,100.0
2007/03/18,3.10,100.0,100.0
2007/03/19,6.50,100.0,100.0
2007/03/20,0.70,100.0,100.0
2007/03/21,4.60,99.7,100.0
2007/03/22,11.50,100.0,100.0
2007/03/23,28.00,100.0,100.0
2007/03/24,2.80,100.0,100.0
2007/03/25,0.70,100.0,100.0
2007/03/26,0.20,100.0,100.0
2007/03/27,3.20,100.0,100.0
2007/03/28,1.60,100.0,100.0
2007/03/29,0.50,100.0,100.0
2007/03/30,0.00,100.0,100.0
2007/03/31,0.00,100.0,100.0
2007/04/01,0.00,100.0,100.0
2007/04/02,0.00,100.0,100.0
2007/04/03,1.90,100.0,100.0
2007/04/04,11.00,100.0,100.0
2007/04/05,4.30,100.0,100.0
2007/04/06,4.60,100.0,100.0
2007/04/07,8.00,100.0,100.0
2007/04/08,4.50,100.0,100.0
2007/04/09,1.70,100.0,100.0
2007/04/10,9.80,100.0,100.0
2007/04/11,0.10,100.0,100.0
2007/04/12,0.00,100.0,100.0
2007/04/13,7.40,100.0,100.0
2007/04/14,0.10,100.0,100.0
2007/04/15,0.00,100.0,100.0
2007/04/16,0.20,100.0,100.0
2007/04/17,2.40,100.0,100.0
2007/04/18,0.10,100.0,100.0
2007/04/19,14.50,100.0,100.0
2007/04/20,1.30,100.0,100.0
2007/04/21,3.40,100.0,100.0
2007/04/22,6.30,100.0,100.0
2007/04/23,10.30,100.0,100.0
2007/04/24,5.60,100.0,100.0
2007/04/25,4.30,100.0,100.0
2007/04/26,2.80,100.0,100.0
2007/04/27,1.60,100.0,100.0
2007/04/28,0.30,100.0,100.0
2007/04/29,14.80,100.0,100.0
2007/04/30,14.40,100.0,100.0
2007/05/01,0.00,100.0,100.0
2007/05/02,0.00,100.0,100.0
2007/05/03,0.70,100.0,100.0
2007/05/04,3.90,100.0,100.0
2007/05/05,0.10,100.0,100.0
2007/05/06,1.00,100.0,100.0
2007/05/07,0.10,100.0,100.0
2007/05/08,0.10,100.0,100.0
2007/05/09,0.00,100.0,100.0
2007/05/10,22.70,100.0,100.0
2007/05/11,0.00,100.0,100.0
2007/05/12,0.00,100.0,100.0
2007/05/13,0.00,100.0,100.0
2007/05/14,0.00,100.0,100.0
2007/05/15,0.00,100.0,100.0
2007/05/16,0.40,100.0,100.0
2007/05/17,1.70,100.0,100.0
2007/05/18,0.00,100.0,100.0
2007/05/19,0.00,100.0,100.0
2007/05/20,3.70,100.0,100.0
2007/05/21,1.50,100.0,100.0
2007/05/22,0.10,100.0,100.0
2007/05/23,6.00,100.0,100.0
2007/05/24,0.00,100.0,100.0
2007/05/25,0.40,100.0,100.0
2007/05/26,12.40,100.0,100.0
2007/05/27,0.20,100.0,100.0
2007/05/28,0.00,100.0,100.0
2007/05/29,6.60,100.0,100.0
2007/05/30,1.20,100.0,100.0
2007/05/31,2.00,100.0,100.0
2007/06/01,6.30,100.0,100.0
2007/06/02,5.00,100.0,100.0
2007/06/03,0.30,100.0,100.0
2007/06/04,0.00,100.0,100.0
2007/06/05,0.00,100.0,100.0
2007/06/06,0.00,100.0,100.0
2007/06/07,0.00,100.0,100.0
2007/06/08,0.10,100.0,100.0
2007/06/09,0.00,100.0,100.0
2007/06/10,0.00,100.0,100.0
2007/06/11,0.00,100.0,100.0
2007/06/12,0.00,100.0,100.0
2007/06/13,0.50,100.0,100.0
2007/06/14,0.70,100.0,100.0
2007/06/15,0.60,100.0,100.0
2007/06/16,0.00,100.0,100.0
2007/06/17,0.00,100.0,100.0
2007/06/18,0.00,100.0,100.0
2007/06/19,0.20,100.0,100.0
2007/06/20,0.00,100.0,100.0
2007/06/21,3.20,100.0,100.0
2007/06/22,1.80,100.0,100.0
2007/06/23,0.00,100.0,100.0
2007/06/24,0.00,100.0,100.0
2007/06/25,0.00,100.0,100.0
2007/06/26,0.00,100.0,100.0
2007/06/27,0.00,100.0,100.0
2007/06/28,0.00,100.0,100.0
2007/06/29,0.00,100.0,100.0
2007/06/30,0.00,100.0,100.0
2007/07/01,0.00,100.0,100.0
2007/07/02,0.00,100.0,100.0
2007/07/03,0.00,100.0,100.0
2007/07/04,0.00,100.0,100.0
2007/07/05,0.00,100.0,100.0
2007/07/06,0.00,100.0,100.0
2007/07/07,0.00,100.0,100.0
2007/07/08,1.00,100.0,100.0
2007/07/09,0.00,100.0,100.0
2007/07/10,0.00,100.0,100.0
2007/07/11,0.00,100.0,100.0
2007/07/12,0.00,100.0,100.0
2007/07/13,0.00,100.0,100.0
2007/07/14,0.00,100.0,100.0
2007/07/15,1.00,100.0,100.0
2007/07/16,0.00,100.0,100.0
2007/07/17,4.10,100.0,100.0
2007/07/18,0.10,100.0,100.0
2007/07/19,0.00,100.0,100.0
2007/07/20,0.50,100.0,100.0
2007/07/21,0.00,100.0,100.0
2007/07/22,0.10,100.0,100.0
2007/07/23,0.00,100.0,100.0
2007/07/24,0.00,100.0,100.0
2007/07/25,0.10,100.0,100.0
2007/07/26,0.00,100.0,100.0
2007/07/27,1.30,100.0,100.0
2007/07/28,0.00,100.0,100.0
2007/07/29,0.00,100.0,100.0
2007/07/30,0.00,100.0,100.0
2007/07/31,0.00,100.0,100.0
2007/08/01,0.00,100.0,100.0
2007/08/02,0.00,100.0,100.0
2007/08/03,0.00,100.0,100.0
2007/08/04,0.00,100.0,100.0
2007/08/05,0.00,100.0,100.0
2007/08/06,0.00,100.0,100.0
2007/08/07,0.00,100.0,100.0
2007/08/08,3.50,100.0,100.0
2007/08/09,5.60,100.0,100.0
2007/08/10,0.10,100.0,100.0
2007/08/11,0.00,100.0,100.0
2007/08/12,0.00,100.0,100.0
2007/08/13,0.10,100.0,100.0
2007/08/14,0.00,100.0,100.0
2007/08/15,0.00,100.0,100.0
2007/08/16,2.00,100.0,100.0
2007/08/17,0.00,100.0,100.0
2007/08/18,0.00,100.0,100.0
2007/08/19,0.00,100.0,100.0
2007/08/20,0.50,100.0,100.0
2007/08/21,0.30,100.0,100.0
2007/08/22,0.00,100.0,100.0
2007/08/23,0.00,100.0,100.0
2007/08/24,2.40,100.0,100.0
2007/08/25,2.60,100.0,100.0
2007/08/26,3.90,100.0,100.0
2007/08/27,0.00,100.0,100.0
2007/08/28,0.30,100.0,100.0
2007/08/29,0.80,100.0,100.0
2007/08/30,0.10,100.0,100.0
2007/08/31,0.00,100.0,100.0
2007/09/01,0.00,100.0,100.0
2007/09/02,0.00,100.0,100.0
2007/09/03,0.00,100.0,100.0
2007/09/04,0.00,100.0,100.0
2007/09/05,0.00,100.0,100.0
2007/09/06,0.00,100.0,100.0
2007/09/07,0.00,100.0,100.0
2007/09/08,0.00,100.0,100.0
2007/09/09,0.00,100.0,100.0
2007/09/10,0.00,100.0,100.0
2007/09/11,0.00,100.0,100.0
2007/09/12,0.00,100.0,100.0
2007/09/13,0.00,100.0,100.0
2007/09/14,0.00,100.0,100.0
2007/09/15,0.10,100.0,100.0
2007/09/16,0.00,100.0,100.0
2007/09/17,0.00,100.0,100.0
2007/09/18,0.00,100.0,100.0
2007/09/19,0.00,100.0,100.0
2007/09/20,0.00,100.0,100.0
2007/09/21,1.00,100.0,100.0
2007/09/22,0.00,100.0,100.0
2007/09/23,0.00,100.0,100.0
2007/09/24,0.00,100.0,100.0
2007/09/25,0.90,100.0,100.0
2007/09/26,0.00,100.0,100.0
2007/09/27,0.00,100.0,100.0
2007/09/28,0.00,100.0,100.0
2007/09/29,0.00,100.0,100.0
2007/09/30,0.00,100.0,100.0
2007/10/01,0.00,100.0,100.0
2007/10/02,0.00,100.0,100.0
2007/10/03,12.80,100.0,100.0
2007/10/04,8.50,100.0,100.0
2007/10/05,2.00,100.0,100.0
2007/10/06,3.20,100.0,100.0
2007/10/07,2.70,100.0,100.0
2007/10/08,0.80,100.0,100.0
2007/10/09,13.50,100.0,100.0
2007/10/10,13.70,100.0,100.0
2007/10/11,12.70,100.0,100.0
2007/10/12,4.80,100.0,100.0
2007/10/13,2.10,100.0,100.0
2007/10/14,2.30,100.0,100.0
2007/10/15,0.00,100.0,100.0
2007/10/16,12.00,100.0,100.0
2007/10/17,1.70,100.0,100.0
2007/10/18,1.10,100.0,100.0
2007/10/19,5.60,100.0,100.0
2007/10/20,1.50,100.0,100.0
2007/10/21,0.60,100.0,100.0
2007/10/22,1.40,100.0,100.0
2007/10/23,0.10,100.0,100.0
2007/10/24,0.00,100.0,100.0
2007/10/25,0.00,100.0,100.0
2007/10/26,0.00,100.0,100.0
2007/10/27,0.00,100.0,100.0
2007/10/28,0.00,100.0,100.0
2007/10/29,0.00,100.0,100.0
2007/10/30,4.20,100.0,100.0
2007/10/31,1.90,100.0,100.0
2007/11/01,7.80,100.0,100.0
2007/11/02,4.30,100.0,100.0
2007/11/03,3.20,100.0,100.0
2007/11/04,1.00,100.0,100.0
2007/11/05,0.90,100.0,100.0
2007/11/06,20.10,100.0,100.0
2007/11/07,0.20,100.0,100.0
2007/11/08,0.10,100.0,100.0
2007/11/09,22.20,100.0,100.0
2007/11/10,15.30,100.0,100.0
2007/11/11,4.80,100.0,100.0
2007/11/12,0.20,100.0,100.0
2007/11/13,0.90,100.0,100.0
2007/11/14,0.10,100.0,100.0
2007/11/15,0.00,100.0,100.0
2007/11/16,0.00,100.0,100.0
2007/11/17,0.40,100.0,100.0
2007/11/18,0.00,100.0,100.0
2007/11/19,0.10,100.0,100.0
2007/11/20,0.00,100.0,100.0
2007/11/21,0.50,100.0,100.0
2007/11/22,12.00,100.0,100.0
2007/11/23,25.60,100.0,100.0
2007/11/24,0.00,100.0,100.0
2007/11/25,0.00,100.0,100.0
2007/11/26,0.00,100.0,100.0
2007/11/27,0.00,100.0,100.0
2007/11/28,1.40,100.0,100.0
2007/11/29,2.10,100.0,100.0
2007/11/30,11.60,100.0,100.0
2007/12/01,0.60,100.0,100.0
2007/12/02,0.20,100.0,100.0
2007/12/03,0.00,100.0,100.0
2007/12/04,0.00,100.0,100.0
2007/12/05,0.00,100.0,100.0
2007/12/06,0.00,100.0,100.0
2007/12/07,0.00,100.0,100.0
2007/12/08,0.00,100.0,100.0
2007/12/09,0.00,100.0,100.0
2007/12/10,0.00,100.0,100.0
2007/12/11,0.60,100.0,100.0
2007/12/12,3.30,100.0,100.0
2007/12/13,0.60,100.0,100.0
2007/12/14,1.00,100.0,100.0
2007/12/15,16.50,100.0,100.0
2007/12/16,,9.0,8.3
2007/12/17,,,
2007/12/18,,,
2007/12/19,,,
2007/12/20,,,
2007/12/21,,,
2007/12/22,,,
2007/12/23,,,
2007/12/24,,,
2007/12/25,,,
2007/12/26,,55.2,54.2
2007/12/27,2.30,100.0,100.0
2007/12/28,0.00,100.0,100.0
2007/12/29,0.00,100.0,100.0
2007/12/30,0.00,100.0,100.0
2007/12/31,0.00,100.0,100.0
2008/01/01,0.50,100.0,100.0
2008/01/02,0.20,100.0,100.0
2008/01/03,0.60,100.0,100.0
2008/01/04,0.10,100.0,100.0
2008/01/05,0.00,100.0,100.0
2008/01/06,0.00,100.0,100.0
2008/01/07,0.20,100.0,100.0
2008/01/08,4.10,100.0,100.0
2008/01/09,12.60,100.0,100.0
2008/01/10,6.00,100.0,100.0
2008/01/11,6.10,100.0,100.0
2008/01/12,0.10,100.0,100.0
2008/01/13,0.10,100.0,100.0
2008/01/14,0.00,100.0,100.0
2008/01/15,2.80,100.0,100.0
2008/01/16,4.60,100.0,100.0
2008/01/17,0.20,100.0,100.0
2008/01/18,0.00,100.0,100.0
2008/01/19,0.00,100.0,100.0
2008/01/20,0.10,100.0,100.0
2008/01/21,0.00,100.0,100.0
2008/01/22,0.50,100.0,100.0
2008/01/23,2.40,100.0,100.0
2008/01/24,2.60,100.0,100.0
2008/01/25,4.10,100.0,100.0
2008/01/26,4.80,100.0,100.0
2008/01/27,0.90,100.0,100.0
2008/01/28,24.80,100.0,100.0
2008/01/29,14.30,100.0,100.0
2008/01/30,2.20,100.0,100.0
2008/01/31,10.80,100.0,100.0
2008/02/01,8.60,100.0,100.0
2008/02/02,0.30,100.0,100.0
2008/02/03,0.00,100.0,100.0
2008/02/04,0.00,100.0,100.0
2008/02/05,0.00,100.0,100.0
2008/02/06,0.00,100.0,100.0
2008/02/07,0.00,100.0,100.0
2008/02/08,0.00,100.0,100.0
2008/02/09,0.00,100.0,100.0
2008/02/10,0.00,100.0,100.0
2008/02/11,0.00,100.0,100.0
2008/02/12,0.00,100.0,100.0
2008/02/13,1.20,100.0,100.0
2008/02/14,0.00,100.0,100.0
2008/02/15,0.00,100.0,100.0
2008/02/16,7.00,100.0,100.0
2008/02/17,16.30,100.0,100.0
2008/02/18,10.50,100.0,100.0
2008/02/19,20.10,100.0,100.0
2008/02/20,18.40,100.0,100.0
2008/02/21,14.60,100.0,100.0
2008/02/22,13.70,100.0,100.0
2008/02/23,3.30,100.0,100.0
2008/02/24,0.20,100.0,100.0
2008/02/25,3.10,100.0,100.0
2008/02/26,5.20,100.0,100.0
2008/02/27,6.90,100.0,100.0
2008/02/28,13.40,100.0,100.0
2008/02/29,0.20,100.0,100.0
2008/03/01,0.00,100.0,100.0
2008/03/02,0.70,100.0,100.0
2008/03/03,0.00,100.0,100.0
2008/03/04,0.40,100.0,100.0
2008/03/05,8.00,100.0,100.0
2008/03/06,9.90,100.0,100.0
2008/03/07,9.20,100.0,100.0
2008/03/08,1.50,100.0,100.0
2008/03/09,10.90,100.0,100.0
2008/03/10,5.80,100.0,100.0
2008/03/11,8.90,100.0,100.0
2008/03/12,5.00,100.0,100.0
2008/03/13,1.70,100.0,100.0
2008/03/14,8.40,100.0,100.0
2008/03/15,0.10,100.0,100.0
2008/03/16,1.70,100.0,100.0
2008/03/17,6.70,100.0,100.0
2008/03/18,0.10,100.0,100.0
2008/03/19,0.20,100.0,100.0
2008/03/20,0.00,100.0,100.0
2008/03/21,6.50,100.0,100.0
2008/03/22,3.80,100.0,100.0
2008/03/23,4.20,100.0,100.0
2008/03/24,0.00,100.0,100.0
2008/03/25,2.60,100.0,100.0
2008/03/26,0.10,100.0,100.0
2008/03/27,0.00,100.0,100.0
2008/03/28,0.00,100.0,100.0
2008/03/29,8.60,100.0,100.0
2008/03/30,12.50,100.0,100.0
2008/03/31,16.90,100.0,100.0
2008/04/01,12.10,100.0,100.0
2008/04/02,10.60,100.0,100.0
2008/04/03,1.80,100.0,100.0
2008/04/04,0.40,100.0,100.0
2008/04/05,0.00,100.0,100.0
2008/04/06,2.30,100.0,100.0
2008/04/07,11.60,100.0,100.0
2008/04/08,1.90,100.0,100.0
2008/04/09,7.20,100.0,100.0
2008/04/10,0.90,100.0,100.0
2008/04/11,20.40,100.0,100.0
2008/04/12,20.10,100.0,100.0
2008/04/13,0.10,100.0,100.0
2008/04/14,2.50,100.0,100.0
2008/04/15,0.70,100.0,100.0
2008/04/16,0.00,100.0,100.0
2008/04/17,0.00,100.0,100.0
2008/04/18,0.00,100.0,100.0
2008/04/19,0.00,100.0,100.0
2008/04/20,1.90,100.0,100.0
2008/04/21,4.10,100.0,100.0
2008/04/22,0.20,100.0,100.0
2008/04/23,1.40,100.0,100.0
2008/04/24,0.10,100.0,100.0
2008/04/25,0.00,100.0,100.0
2008/04/26,7.50,100.0,100.0
2008/04/27,1.90,100.0,100.0
2008/04/28,15.50,100.0,100.0
2008/04/29,0.00,100.0,100.0
2008/04/30,3.90,100.0,100.0
2008/05/01,8.40,100.0,100.0
2008/05/02,6.80,100.0,100.0
2008/05/03,14.50,100.0,100.0
2008/05/04,1.80,100.0,100.0
2008/05/05,2.10,100.0,100.0
2008/05/06,0.00,100.0,100.0
2008/05/07,0.00,100.0,100.0
2008/05/08,0.00,100.0,100.0
2008/05/09,0.00,100.0,100.0
2008/05/10,0.00,100.0,100.0
2008/05/11,0.00,100.0,100.0
2008/05/12,0.00,100.0,100.0
2008/05/13,0.20,100.0,100.0
2008/05/14,4.40,100.0,100.0
2008/05/15,0.10,100.0,100.0
2008/05/16,7.70,100.0,100.0
2008/05/17,9.60,100.0,100.0
2008/05/18,3.40,100.0,100.0
2008/05/19,1.90,100.0,100.0
2008/05/20,0.10,100.0,100.0
2008/05/21,0.10,100.0,100.0
2008/05/22,10.50,100.0,100.0
2008/05/23,4.70,100.0,100.0
2008/05/24,23.60,100.0,100.0
2008/05/25,5.30,100.0,100.0
2008/05/26,0.40,100.0,100.0
2008/05/27,15.50,100.0,100.0
2008/05/28,3.10,100.0,100.0
2008/05/29,9.40,100.0,100.0
2008/05/30,4.30,100.0,100.0
2008/05/31,0.10,100.0,100.0
2008/06/01,2.20,100.0,100.0
2008/06/02,0.10,100.0,100.0
2008/06/03,0.00,100.0,100.0
2008/06/04,0.00,100.0,100.0
2008/06/05,0.00,100.0,100.0
2008/06/06,0.00,100.0,100.0
2008/06/07,0.00,100.0,100.0
2008/06/08,0.20,100.0,100.0
2008/06/09,0.10,100.0,100.0
2008/06/10,1.40,100.0,100.0
2008/06/11,0.10,100.0,100.0
2008/06/12,11.40,100.0,100.0
2008/06/13,0.10,100.0,100.0
2008/06/14,0.00,100.0,100.0
2008/06/15,0.00,100.0,100.0
2008/06/16,0.40,100.0,100.0
2008/06/17,0.00,100.0,100.0
2008/06/18,0.50,100.0,100.0
2008/06/19,0.20,100.0,100.0
2008/06/20,0.10,100.0,100.0
2008/06/21,0.00,100.0,100.0
2008/06/22,0.00,100.0,100.0
2008/06/23,0.00,100.0,100.0
2008/06/24,20.70,100.0,100.0
2008/06/25,0.80,100.0,100.0
2008/06/26,0.10,100.0,100.0
2008/06/27,0.00,100.0,100.0
2008/06/28,0.00,100.0,100.0
2008/06/29,0.00,100.0,100.0
2008/06/30,0.30,100.0,100.0
2008/07/01,0.00,100.0,100.0
2008/07/02,0.00,100.0,100.0
2008/07/03,0.30,100.0,100.0
2008/07/04,0.00,100.0,100.0
2008/07/05,0.00,100.0,100.0
2008/07/06,0.00,100.0,100.0
2008/07/07,0.00,100.0,100.0
2008/07/08,4.60,100.0,100.0
2008/07/09,0.00,100.0,100.0
2008/07/10,1.80,100.0,100.0
2008/07/11,0.10,100.0,100.0
2008/07/12,0.00,100.0,100.0
2008/07/13,0.00,100.0,100.0
2008/07/14,0.00,100.0,100.0
2008/07/15,0.80,100.0,100.0
2008/07/16,0.20,100.0,100.0
2008/07/17,0.30,100.0,100.0
2008/07/18,1.70,100.0,100.0
2008/07/19,0.10,100.0,100.0
2008/07/20,0.00,100.0,100.0
2008/07/21,0.00,100.0,100.0
2008/07/22,0.00,100.0,100.0
2008/07/23,0.00,100.0,100.0
2008/07/24,0.00,100.0,100.0
2008/07/25,0.00,100.0,100.0
2008/07/26,0.00,100.0,100.0
2008/07/27,0.00,100.0,100.0
2008/07/28,0.00,100.0,100.0
2008/07/29,0.00,100.0,100.0
2008/07/30,0.00,100.0,100.0
2008/07/31,0.00,100.0,100.0
2008/08/01,0.90,100.0,100.0
2008/08/02,0.10,100.0,100.0
2008/08/03,0.00,100.0,100.0
2008/08/04,0.00,100.0,100.0
2008/08/05,0.00,100.0,100.0
2008/08/06,0.00,100.0,100.0
2008/08/07,0.00,100.0,100.0
2008/08/08,0.00,100.0,100.0
2008/08/09,0.00,100.0,100.0
2008/08/10,0.10,100.0,100.0
2008/08/11,1.60,100.0,100.0
2008/08/12,7.10,100.0,100.0
2008/08/13,0.00,100.0,100.0
2008/08/14,0.00,100.0,100.0
2008/08/15,0.00,100.0,100.0
2008/08/16,0.60,100.0,100.0
2008/08/17,0.00,100.0,100.0
2008/08/18,4.80,100.0,100.0
2008/08/19,0.60,100.0,100.0
2008/08/20,0.50,100.0,100.0
2008/08/21,0.68,100.0,100.0
2008/08/22,0.24,100.0,100.0
2008/08/23,13.92,100.0,100.0
2008/08/24,0.96,100.0,100.0
2008/08/25,0.24,100.0,100.0
2008/08/26,0.24,100.0,100.0
2008/08/27,0.00,100.0,100.0
2008/08/28,2.64,100.0,100.0
2008/08/29,0.48,100.0,100.0
2008/08/30,0.00,100.0,100.0
2008/08/31,0.72,100.0,100.0
2008/09/01,0.48,100.0,100.0
2008/09/02,0.24,100.0,100.0
2008/09/03,11.04,100.0,100.0
2008/09/04,5.76,100.0,100.0
2008/09/05,0.24,100.0,100.0
2008/09/06,0.00,100.0,100.0
2008/09/07,0.00,100.0,100.0
2008/09/08,0.00,100.0,100.0
2008/09/09,0.00,100.0,100.0
2008/09/10,0.00,100.0,100.0
2008/09/11,0.00,100.0,100.0
2008/09/12,0.00,100.0,100.0
2008/09/13,0.00,100.0,100.0
2008/09/14,0.00,100.0,100.0
2008/09/15,1.20,100.0,100.0
2008/09/16,,45.8,45.8
2008/09/17,,,
2008/09/18,,,
2008/09/19,,,
2008/09/20,,,
2008/09/21,,,
2008/09/22,,,
2008/09/23,,,
2008/09/24,,,
2008/09/25,,,
2008/09/26,,,
2008/09/27,,,
2008/09/28,,,
2008/09/29,,,
2008/09/30,,,
2008/10/01,,,
2008/10/02,,,
2008/10/03,,,
2008/10/04,,,
2008/10/05,,,
2008/10/06,,,
2008/10/07,,,
2008/10/08,,,
2008/10/09,,50.7,50.0
2008/10/10,7.92,100.0,100.0
2008/10/11,6.00,100.0,100.0
2008/10/12,7.68,100.0,100.0
2008/10/13,10.80,100.0,100.0
2008/10/14,47.76,100.0,100.0
2008/10/15,4.08,100.0,100.0
2008/10/16,0.24,100.0,100.0
2008/10/17,1.44,100.0,100.0
2008/10/18,0.24,100.0,100.0
2008/10/19,18.24,100.0,100.0
2008/10/20,9.12,100.0,100.0
2008/10/21,0.00,100.0,100.0
2008/10/22,0.00,100.0,100.0
2008/10/23,0.00,100.0,100.0
2008/10/24,0.00,100.0,100.0
2008/10/25,0.00,100.0,100.0
2008/10/26,21.12,100.0,100.0
2008/10/27,13.92,100.0,100.0
2008/10/28,11.52,100.0,100.0
2008/10/29,12.00,100.0,100.0
2008/10/30,0.24,100.0,100.0
2008/10/31,14.88,100.0,100.0
2008/11/01,7.44,100.0,100.0
2008/11/02,10.80,100.0,100.0
2008/11/03,2.40,100.0,100.0
2008/11/04,0.96,100.0,100.0
2008/11/05,3.12,100.0,100.0
2008/11/06,0.00,100.0,100.0
2008/11/07,12.24,100.0,100.0
2008/11/08,0.24,100.0,100.0
2008/11/09,0.00,100.0,100.0
2008/11/10,0.00,100.0,100.0
2008/11/11,0.72,100.0,100.0
2008/11/12,0.48,100.0,100.0
2008/11/13,17.28,100.0,100.0
2008/11/14,0.24,100.0,100.0
2008/11/15,0.00,100.0,100.0
2008/11/16,1.20,100.0,100.0
2008/11/17,2.64,100.0,100.0
2008/11/18,1.44,100.0,100.0
2008/11/19,0.00,100.0,100.0
2008/11/20,0.00,100.0,100.0
2008/11/21,0.00,100.0,100.0
2008/11/22,0.00,100.0,100.0
2008/11/23,0.00,100.0,100.0
2008/11/24,13.44,100.0,100.0
2008/11/25,1.20,100.0,100.0
2008/11/26,1.44,100.0,100.0
2008/11/27,0.48,100.0,100.0
2008/11/28,0.24,100.0,100.0
2008/11/29,0.00,100.0,100.0
2008/11/30,0.00,100.0,100.0
2008/12/01,1.20,100.0,100.0
2008/12/02,4.56,100.0,100.0
2008/12/03,10.56,100.0,100.0
2008/12/04,4.56,100.0,100.0
2008/12/05,14.40,100.0,100.0
2008/12/06,7.44,100.0,100.0
2008/12/07,0.24,100.0,100.0
2008/12/08,0.00,100.0,100.0
2008/12/09,0.00,100.0,100.0
2008/12/10,0.00,100.0,100.0
2008/12/11,3.60,100.0,100.0
2008/12/12,10.32,100.0,100.0
2008/12/13,6.00,100.0,100.0
2008/12/14,5.28,100.0,100.0
2008/12/15,5.76,100.0,100.0
2008/12/16,3.60,100.0,100.0
2008/12/17,,36.8,37.5
2008/12/18,,,
2008/12/19,,,
2008/12/20,,,
2008/12/21,,,
2008/12/22,,,
2008/12/23,,,
2008/12/24,,,
2008/12/25,,,
2008/12/26,,,
2008/12/27,,,
2008/12/28,,,
2008/12/29,,,
2008/12/30,,,
2008/12/31,,,
2009/01/01,,,
2009/01/02,,,
2009/01/03,,,
2009/01/04,,,
2009/01/05,,,
2009/01/06,,,
2009/01/07,,,
2009/01/08,,,
2009/01/09,,,
2009/01/10,,,
2009/01/11,,,
2009/01/12,,,
2009/01/13,,,
2009/01/14,,,
2009/01/15,,,
2009/01/16,,,
2009/01/17,,,
2009/01/18,,,
2009/01/19,,,
2009/01/20,,,
2009/01/21,,,
2009/01/22,,,
2009/01/23,,,
2009/01/24,,,
2009/01/25,,,
2009/01/26,,,
2009/01/27,,,
2009/01/28,,,
2009/01/29,,,
2009/01/30,,,
2009/01/31,,,
2009/02/01,,,
2009/02/02,,,
2009/02/03,,,
2009/02/04,,,
2009/02/05,,,
2009/02/06,,,
2009/02/07,,,
2009/02/08,,,
2009/02/09,,,
2009/02/10,,,
2009/02/11,,,
2009/02/12,,,
2009/02/13,,,
2009/02/14,,,
2009/02/15,,,
2009/02/16,13.44,100.0,100.0
2009/02/17,8.16,100.0,100.0
2009/02/18,30.24,100.0,100.0
2009/02/19,0.48,100.0,100.0
2009/02/20,0.00,100.0,100.0
2009/02/21,0.48,100.0,100.0
2009/02/22,0.00,100.0,100.0
2009/02/23,4.08,100.0,100.0
2009/02/24,0.24,100.0,100.0
2009/02/25,0.48,100.0,100.0
2009/02/26,0.24,100.0,100.0
2009/02/27,0.00,100.0,100.0
2009/02/28,0.00,100.0,100.0
2009/03/01,0.00,100.0,100.0
2009/03/02,0.00,100.0,100.0
2009/03/03,2.64,100.0,100.0
2009/03/04,0.72,100.0,100.0
2009/03/05,0.00,100.0,100.0
2009/03/06,0.00,100.0,100.0
2009/03/07,0.00,100.0,100.0
2009/03/08,0.00,100.0,100.0
2009/03/09,0.00,100.0,100.0
2009/03/10,,,
2009/03/11,,,
2009/03/12,,,
2009/03/13,,,
2009/03/14,,,
2009/03/15,,,
2009/03/16,,,
2009/03/17,,,
2009/03/18,,,
2009/03/19,,,
2009/03/20,,,
2009/03/21,,,
2009/03/22,,,
2009/03/23,,,
2009/03/24,,,
2009/03/25,,,
2009/03/26,,,
2009/03/27,,,
2009/03/28,,,
2009/03/29,,,
2009/03/30,,,
2009/03/31,,,
2009/04/01,,,
2009/04/02,,,
2009/04/03,,,
2009/04/04,,,
2009/04/05,,,
2009/04/06,,,
2009/04/07,,,
2009/04/08,,,
2009/04/09,,,
2009/04/10,,,
2009/04/11,,,
2009/04/12,,,
2009/04/13,,,
2009/04/14,,,
2009/04/15,,37.5,37.5
2009/04/16,0.72,100.0,100.0
2009/04/17,8.64,100.0,100.0
2009/04/18,0.24,100.0,100.0
2009/04/19,0.00,100.0,100.0
2009/04/20,0.24,100.0,100.0
2009/04/21,0.00,100.0,100.0
2009/04/22,0.00,100.0,100.0
2009/04/23,0.00,100.0,100.0
2009/04/24,0.00,100.0,100.0
2009/04/25,0.00,100.0,100.0
2009/04/26,0.00,100.0,100.0
2009/04/27,0.96,100.0,100.0
2009/04/28,0.00,100.0,100.0
2009/04/29,0.48,100.0,100.0
2009/04/30,3.84,100.0,100.0
2009/05/01,0.00,100.0,100.0
2009/05/02,9.36,100.0,100.0
2009/05/03,2.16,100.0,100.0
2009/05/04,2.88,100.0,100.0
2009/05/05,0.00,100.0,100.0
2009/05/06,0.24,100.0,100.0
2009/05/07,1.44,100.0,100.0
2009/05/08,0.00,100.0,100.0
2009/05/09,0.00,100.0,100.0
2009/05/10,0.00,100.0,100.0
2009/05/11,0.00,100.0,100.0
2009/05/12,6.96,100.0,100.0
2009/05/13,0.00,100.0,100.0
2009/05/14,0.00,100.0,100.0
2009/05/15,0.00,100.0,100.0
2009/05/16,1.44,100.0,100.0
2009/05/17,0.00,100.0,100.0
2009/05/18,1.20,100.0,100.0
2009/05/19,0.24,100.0,100.0
2009/05/20,0.72,100.0,100.0
2009/05/21,0.00,100.0,100.0
2009/05/22,0.00,100.0,100.0
2009/05/23,0.00,100.0,100.0
2009/05/24,0.00,100.0,100.0
2009/05/25,5.28,100.0,100.0
2009/05/26,0.00,100.0,100.0
2009/05/27,0.00,100.0,100.0
2009/05/28,0.00,100.0,100.0
2009/05/29,0.00,100.0,100.0
2009/05/30,0.00,100.0,100.0
2009/05/31,0.00,100.0,100.0
2009/06/01,0.00,100.0,100.0
2009/06/02,0.00,100.0,100.0
2009/06/03,0.00,100.0,100.0
2009/06/04,0.00,100.0,100.0
2009/06/05,0.00,100.0,100.0
2009/06/06,0.00,100.0,100.0
2009/06/07,0.00,100.0,100.0
2009/06/08,0.00,100.0,100.0
2009/06/09,0.48,100.0,100.0
2009/06/10,,,
2009/06/11,,,
2009/06/12,,,
2009/06/13,,,
2009/06/14,,,
2009/06/15,,,
2009/06/16,,,
2009/06/17,,,
2009/06/18,,,
2009/06/19,,,
2009/06/20,,,
2009/06/21,,,
2009/06/22,,,
2009/06/23,,,
2009/06/24,,,
2009/06/25,,,
2009/06/26,,,
2009/06/27,,,
2009/06/28,,,
2009/06/29,,,
2009/06/30,,,
2009/07/01,0.00,100.0,100.0
2009/07/02,0.00,100.0,100.0
2009/07/03,2.16,100.0,100.0
2009/07/04,0.00,100.0,100.0
2009/07/05,0.24,100.0,100.0
2009/07/06,0.00,100.0,100.0
2009/07/07,0.00,100.0,100.0
2009/07/08,0.00,100.0,100.0
2009/07/09,0.24,100.0,100.0
2009/07/10,0.00,100.0,100.0
2009/07/11,0.00,100.0,100.0
2009/07/12,0.00,100.0,100.0
2009/07/13,0.00,100.0,100.0
2009/07/14,0.00,100.0,100.0
2009/07/15,0.00,100.0,100.0
2009/07/16,,,
2009/07/17,,,
2009/07/18,,,
2009/07/19,,,
2009/07/20,,,
2009/07/21,,,
2009/07/22,,,
2009/07/23,,,
2009/07/24,,,
2009/07/25,,,
2009/07/26,,,
2009/07/27,,,
2009/07/28,,,
2009/07/29,,,
2009/07/30,,,
2009/07/31,,,
2009/08/01,,,
2009/08/02,,,
2009/08/03,,,
2009/08/04,,,
2009/08/05,,,
2009/08/06,,,
2009/08/07,,,
2009/08/08,,,
2009/08/09,,,
2009/08/10,,,
2009/08/11,,,
2009/08/12,,,
2009/08/13,,,
2009/08/14,,,
2009/08/15,,,
2009/08/16,,,
2009/08/17,,,
2009/08/18,,,
2009/08/19,,,
2009/08/20,,,
2009/08/21,,,
2009/08/22,,,
2009/08/23,,,
2009/08/24,,,
2009/08/25,,,
2009/08/26,,,
2009/08/27,,,
2009/08/28,,,
2009/08/29,,,
2009/08/30,,,
2009/08/31,,,
2009/09/01,,,
2009/09/02,,,
2009/09/03,,,
2009/09/04,,,
2009/09/05,,,
2009/09/06,,,
2009/09/07,,,
2009/09/08,,,
2009/09/09,,,
2009/09/10,,,
2009/09/11,,,
2009/09/12,,,
2009/09/13,,,
2009/09/14,,,
2009/09/15,,,
2009/09/16,,,
2009/09/17,,,
2009/09/18,,,
2009/09/19,,,
2009/09/20,,,
2009/09/21,,,
2009/09/22,,,
2009/09/23,,,
2009/09/24,,,
2009/09/25,,,
2009/09/26,,,
2009/09/27,,,
2009/09/28,,,
2009/09/29,,,
2009/09/30,,,
2009/10/01,,,
2009/10/02,,,
2009/10/03,,,
2009/10/04,,,
2009/10/05,,,
2009/10/06,,,
2009/10/07,,,
2009/10/08,,,
2009/10/09,,,
2009/10/10,,,
2009/10/11,,,
2009/10/12,,,
2009/10/13,,,
2009/10/14,0.00,100.0,100.0
2009/10/15,0.00,100.0,100.0
2009/10/16,0.00,100.0,100.0
2009/10/17,0.96,100.0,100.0
2009/10/18,0.48,100.0,100.0
2009/10/19,0.72,100.0,100.0
2009/10/20,6.96,100.0,100.0
2009/10/21,0.00,100.0,100.0
2009/10/22,0.00,100.0,100.0
2009/10/23,0.00,100.0,100.0
2009/10/24,0.00,100.0,100.0
2009/10/25,0.00,100.0,100.0
2009/10/26,0.00,100.0,100.0
2009/10/27,0.00,100.0,100.0
2009/10/28,0.00,100.0,100.0
2009/10/29,0.00,100.0,100.0
2009/10/30,0.00,100.0,100.0
2009/10/31,0.00,100.0,100.0
2009/11/01,0.00,100.0,100.0
2009/11/02,0.00,100.0,100.0
2009/11/03,0.00,100.0,100.0
2009/11/04,0.00,100.0,100.0
2009/11/05,0.00,100.0,100.0
2009/11/06,0.00,100.0,100.0
2009/11/07,0.00,100.0,100.0
2009/11/08,0.00,100.0,100.0
2009/11/09,0.24,100.0,100.0
2009/11/10,0.00,100.0,100.0
2009/11/11,0.00,100.0,100.0
2009/11/12,0.00,100.0,100.0
2009/11/13,0.00,100.0,100.0
2009/11/14,0.48,100.0,100.0
2009/11/15,0.00,100.0,100.0
2009/11/16,0.00,100.0,100.0
2009/11/17,0.00,100.0,100.0
2009/11/18,31.68,100.0,100.0
2009/11/19,0.00,100.0,100.0
2009/11/20,0.00,100.0,100.0
2009/11/21,0.00,100.0,100.0
2009/11/22,0.00,100.0,100.0
2009/11/23,1.68,100.0,100.0
2009/11/24,30.96,100.0,100.0
2009/11/25,0.00,100.0,100.0
2009/11/26,0.00,100.0,100.0
2009/11/27,37.92,100.0,100.0
2009/11/28,15.12,100.0,100.0
2009/11/29,6.00,100.0,100.0
2009/11/30,0.00,100.0,100.0
2009/12/01,9.36,100.0,100.0
2009/12/02,7.44,100.0,100.0
2009/12/03,,,
2009/12/04,,,
2009/12/05,,,
2009/12/06,,,
2009/12/07,,,
2009/12/08,,,
2009/12/09,,,
2009/12/10,,,
2009/12/11,,,
2009/12/12,,,
2009/12/13,,,
2009/12/14,,,
2009/12/15,,,
2009/12/16,,,
2009/12/17,,,
2009/12/18,,,
2009/12/19,,,
2009/12/20,,,
2009/12/21,,,
2009/12/22,,,
2009/12/23,,,
2009/12/24,,,
2009/12/25,,,
2009/12/26,,,
2009/12/27,,,
2009/12/28,,,
2009/12/29,,,
2009/12/30,,,
2009/12/31,,,
2010/01/01,,,
2010/01/02,,,
2010/01/03,,,
2010/01/04,,,
2010/01/05,,,
2010/01/06,,,
2010/01/07,,,
2010/01/08,,,
2010/01/09,,,
2010/01/10,,,
2010/01/11,,,
2010/01/12,,,
2010/01/13,,,
2010/01/14,,,
2010/01/15,,,
2010/01/16,,,
2010/01/17,,,
2010/01/18,,,
2010/01/19,,,
2010/01/20,,,
2010/01/21,,,
2010/01/22,,,
2010/01/23,,,
2010/01/24,,,
2010/01/25,,,
2010/01/26,,,
2010/01/27,0.10,100.0,100.0
2010/01/28,0.00,100.0,100.0
2010/01/29,0.00,100.0,100.0
2010/01/30,0.00,100.0,100.0
2010/01/31,0.00,100.0,100.0
2010/02/01,0.00,100.0,100.0
2010/02/02,0.00,100.0,100.0
2010/02/03,0.00,100.0,100.0
2010/02/04,0.00,100.0,100.0
2010/02/05,3.40,100.0,100.0
2010/02/06,18.30,100.0,100.0
2010/02/07,0.00,100.0,100.0
2010/02/08,0.00,100.0,100.0
2010/02/09,0.00,100.0,100.0
2010/02/10,0.00,100.0,100.0
2010/02/11,1.70,100.0,100.0
2010/02/12,0.00,100.0,100.0
2010/02/13,0.00,100.0,100.0
2010/02/14,0.00,100.0,100.0
2010/02/15,0.00,100.0,100.0
2010/02/16,9.60,100.0,100.0
2010/02/17,0.00,100.0,100.0
2010/02/18,0.00,100.0,100.0
2010/02/19,0.00,100.0,100.0
2010/02/20,0.00,100.0,100.0
2010/02/21,0.00,100.0,100.0
2010/02/22,0.10,100.0,100.0
2010/02/23,4.80,100.0,100.0
2010/02/24,0.70,100.0,100.0
2010/02/25,0.00,100.0,100.0
2010/02/26,0.60,100.0,100.0
2010/02/27,0.00,100.0,100.0
2010/02/28,0.00,100.0,100.0
2010/03/01,0.00,100.0,100.0
2010/03/02,0.00,100.0,100.0
2010/03/03,0.00,100.0,100.0
2010/03/04,0.00,100.0,100.0
2010/03/05,0.00,100.0,100.0
2010/03/06,0.00,100.0,100.0
2010/03/07,0.00,100.0,100.0
2010/03/08,0.00,100.0,100.0
2010/03/09,0.00,100.0,100.0
2010/03/10,0.00,100.0,100.0
2010/03/11,3.40,100.0,100.0
2010/03/12,0.00,100.0,100.0
2010/03/13,0.00,100.0,100.0
2010/03/14,0.70,100.0,100.0
2010/03/15,0.00,100.0,100.0
2010/03/16,0.00,100.0,100.0
2010/03/17,0.20,100.0,100.0
2010/03/18,4.10,100.0,100.0
2010/03/19,0.10,100.0,100.0
2010/03/20,0.00,100.0,100.0
2010/03/21,0.00,100.0,100.0
2010/03/22,0.00,100.0,100.0
2010/03/23,7.20,100.0,100.0
2010/03/24,0.00,100.0,100.0
2010/03/25,0.00,100.0,100.0
2010/03/26,0.30,100.0,100.0
2010/03/27,0.00,100.0,100.0
2010/03/28,0.00,100.0,100.0
2010/03/29,0.00,100.0,100.0
2010/03/30,0.10,100.0,100.0
2010/03/31,0.80,100.0,100.0
2010/04/01,0.00,100.0,100.0
2010/04/02,0.60,100.0,100.0
2010/04/03,11.70,100.0,100.0
2010/04/04,0.10,100.0,100.0
2010/04/05,6.00,100.0,100.0
2010/04/06,7.80,100.0,100.0
2010/04/07,10.00,100.0,100.0
2010/04/08,2.70,100.0,100.0
2010/04/09,6.90,100.0,100.0
2010/04/10,10.60,100.0,100.0
2010/04/11,6.10,100.0,100.0
2010/04/12,4.40,100.0,100.0
2010/04/13,14.00,100.0,100.0
2010/04/14,4.30,100.0,100.0
2010/04/15,0.10,100.0,100.0
2010/04/16,6.40,100.0,100.0
2010/04/17,6.60,100.0,100.0
2010/04/18,4.30,100.0,100.0
2010/04/19,13.10,100.0,100.0
2010/04/20,0.00,100.0,100.0
2010/04/21,0.00,100.0,100.0
2010/04/22,0.00,100.0,100.0
2010/04/23,0.00,100.0,100.0
2010/04/24,0.00,100.0,100.0
2010/04/25,0.00,100.0,100.0
2010/04/26,1.20,100.0,100.0
2010/04/27,1.90,100.0,100.0
2010/04/28,3.30,100.0,100.0
2010/04/29,2.10,100.0,100.0
2010/04/30,0.10,100.0,100.0
2010/05/01,34.90,100.0,100.0
2010/05/02,7.80,100.0,100.0
2010/05/03,24.00,100.0,100.0
2010/05/04,24.40,100.0,100.0
2010/05/05,6.10,100.0,100.0
2010/05/06,0.00,100.0,100.0
2010/05/07,0.00,100.0,100.0
2010/05/08,0.00,100.0,100.0
2010/05/09,0.00,100.0,100.0
2010/05/10,0.00,100.0,100.0
2010/05/11,0.20,100.0,100.0
2010/05/12,0.00,100.0,100.0
2010/05/13,0.00,100.0,100.0
2010/05/14,0.00,100.0,100.0
2010/05/15,0.00,100.0,100.0
2010/05/16,0.00,100.0,100.0
2010/05/17,0.00,100.0,100.0
2010/05/18,0.10,100.0,100.0
2010/05/19,0.00,100.0,100.0
2010/05/20,6.80,100.0,100.0
2010/05/21,11.00,100.0,100.0
2010/05/22,0.00,100.0,100.0
2010/05/23,1.10,100.0,100.0
2010/05/24,3.10,100.0,100.0
2010/05/25,0.00,100.0,100.0
2010/05/26,0.10,100.0,100.0
2010/05/27,0.00,100.0,100.0
2010/05/28,0.10,100.0,100.0
2010/05/29,0.10,100.0,100.0
2010/05/30,0.40,100.0,100.0
2010/05/31,3.10,100.0,100.0
2010/06/01,10.30,100.0,100.0
2010/06/02,6.50,100.0,100.0
2010/06/03,0.00,100.0,100.0
2010/06/04,0.00,100.0,100.0
2010/06/05,0.00,100.0,100.0
2010/06/06,0.00,100.0,100.0
2010/06/07,0.40,100.0,100.0
2010/06/08,1.00,100.0,100.0
2010/06/09,0.40,100.0,100.0
2010/06/10,0.00,100.0,100.0
2010/06/11,0.00,100.0,100.0
2010/06/12,0.00,100.0,100.0
2010/06/13,0.00,100.0,100.0
2010/06/14,0.00,100.0,100.0
2010/06/15,0.00,100.0,100.0
2010/06/16,0.30,100.0,100.0
2010/06/17,1.30,100.0,100.0
2010/06/18,0.40,100.0,100.0
2010/06/19,7.10,100.0,100.0
2010/06/20,6.40,100.0,100.0
2010/06/21,0.40,100.0,100.0
2010/06/22,0.00,100.0,100.0
2010/06/23,0.00,100.0,100.0
2010/06/24,0.00,100.0,100.0
2010/06/25,0.00,100.0,100.0
2010/06/26,1.10,100.0,100.0
2010/06/27,0.00,100.0,100.0
2010/06/28,0.60,100.0,100.0
2010/06/29,0.20,100.0,100.0
2010/06/30,0.00,100.0,100.0
2010/07/01,0.90,100.0,100.0
2010/07/02,0.10,100.0,100.0
2010/07/03,0.00,100.0,100.0
2010/07/04,0.70,100.0,100.0
2010/07/05,7.90,100.0,100.0
2010/07/06,0.70,100.0,100.0
2010/07/07,3.10,100.0,100.0
2010/07/08,1.00,100.0,100.0
2010/07/09,16.10,100.0,100.0
2010/07/10,4.60,100.0,100.0
2010/07/11,7.30,100.0,100.0
2010/07/12,9.30,100.0,100.0
2010/07/13,0.10,100.0,100.0
2010/07/14,15.90,100.0,100.0
2010/07/15,2.40,100.0,100.0
2010/07/16,16.60,100.0,100.0
2010/07/17,6.60,100.0,100.0
2010/07/18,0.10,100.0,100.0
2010/07/19,0.00,100.0,100.0
2010/07/20,0.00,100.0,100.0
2010/07/21,0.00,100.0,100.0
2010/07/22,0.00,100.0,100.0
2010/07/23,0.00,100.0,100.0
2010/07/24,0.00,100.0,100.0
2010/07/25,0.00,100.0,100.0
2010/07/26,0.00,100.0,100.0
2010/07/27,0.00,100.0,100.0
2010/07/28,0.00,100.0,100.0
2010/07/29,0.00,100.0,100.0
2010/07/30,0.00,100.0,100.0
2010/07/31,0.00,100.0,100.0
2010/08/01,3.10,100.0,100.0
2010/08/02,4.60,100.0,100.0
2010/08/03,2.60,100.0,100.0
2010/08/04,0.00,100.0,100.0
2010/08/05,0.00,100.0,100.0
2010/08/06,0.00,100.0,100.0
2010/08/07,7.20,100.0,100.0
2010/08/08,0.00,100.0,100.0
2010/08/09,0.00,100.0,100.0
2010/08/10,0.00,100.0,100.0
2010/08/11,0.00,100.0,100.0
2010/08/12,0.00,100.0,100.0
2010/08/13,0.00,100.0,100.0
2010/08/14,0.00,100.0,100.0
2010/08/15,19.80,100.0,100.0
2010/08/16,0.00,100.0,100.0
2010/08/17,0.00,100.0,100.0
2010/08/18,0.00,100.0,100.0
2010/08/19,2.70,100.0,100.0
2010/08/20,0.10,100.0,100.0
2010/08/21,0.00,100.0,100.0
2010/08/22,0.00,100.0,100.0
2010/08/23,0.00,100.0,100.0
2010/08/24,0.00,100.0,100.0
2010/08/25,0.00,100.0,100.0
2010/08/26,0.00,100.0,100.0
2010/08/27,0.00,100.0,100.0
2010/08/28,0.00,100.0,100.0
2010/08/29,0.00,100.0,100.0
2010/08/30,0.00,100.0,100.0
2010/08/31,14.60,100.0,100.0
2010/09/01,1.00,100.0,100.0
2010/09/02,6.10,100.0,100.0
2010/09/03,0.00,100.0,100.0
2010/09/04,11.60,100.0,100.0
2010/09/05,1.10,100.0,100.0
2010/09/06,5.40,100.0,100.0
2010/09/07,1.80,100.0,100.0
2010/09/08,0.00,100.0,100.0
2010/09/09,0.00,100.0,100.0
2010/09/10,0.00,100.0,100.0
2010/09/11,16.30,100.0,100.0
2010/09/12,0.00,100.0,100.0
2010/09/13,0.00,100.0,100.0
2010/09/14,3.00,100.0,100.0
2010/09/15,1.70,100.0,100.0
2010/09/16,0.00,100.0,100.0
2010/09/17,0.00,100.0,100.0
2010/09/18,0.00,100.0,100.0
2010/09/19,0.00,100.0,100.0
2010/09/20,0.30,100.0,100.0
2010/09/21,4.00,100.0,100.0
2010/09/22,6.40,100.0,100.0
2010/09/23,0.00,100.0,100.0
2010/09/24,0.00,100.0,100.0
2010/09/25,1.30,100.0,100.0
2010/09/26,0.60,100.0,100.0
2010/09/27,0.10,100.0,100.0
2010/09/28,18.50,100.0,100.0
2010/09/29,0.10,100.0,100.0
2010/09/30,0.00,100.0,100.0
2010/10/01,0.00,100.0,100.0
2010/10/02,0.00,100.0,100.0
2010/10/03,0.30,100.0,100.0
2010/10/04,0.00,100.0,100.0
2010/10/05,9.00,100.0,100.0
2010/10/06,2.80,100.0,100.0
2010/10/07,0.20,100.0,100.0
2010/10/08,0.00,100.0,100.0
2010/10/09,0.00,100.0,100.0
2010/10/10,0.00,100.0,100.0
2010/10/11,0.00,100.0,100.0
2010/10/12,0.00,100.0,100.0
2010/10/13,0.00,100.0,100.0
2010/10/14,0.00,100.0,100.0
2010/10/15,0.00,100.0,100.0
2010/10/16,0.30,100.0,100.0
2010/10/17,2.70,100.0,100.0
2010/10/18,0.00,100.0,100.0
2010/10/19,6.20,100.0,100.0
2010/10/20,0.00,100.0,100.0
2010/10/21,8.70,100.0,100.0
2010/10/22,7.00,100.0,100.0
2010/10/23,0.60,100.0,100.0
2010/10/24,0.00,100.0,100.0
2010/10/25,0.00,100.0,100.0
2010/10/26,8.20,100.0,100.0
2010/10/27,0.50,100.0,100.0
2010/10/28,0.00,100.0,100.0
2010/10/29,0.00,100.0,100.0
2010/10/30,0.00,100.0,100.0
2010/10/31,0.00,100.0,100.0
2010/11/01,0.00,100.0,100.0
2010/11/02,0.00,100.0,100.0
2010/11/03,0.00,100.0,100.0
2010/11/04,0.00,100.0,100.0
2010/11/05,0.00,100.0,100.0
2010/11/06,0.00,100.0,100.0
2010/11/07,0.00,100.0,100.0
2010/11/08,0.00,100.0,100.0
2010/11/09,0.30,100.0,100.0
2010/11/10,0.90,100.0,100.0
2010/11/11,4.20,100.0,100.0
2010/11/12,5.80,100.0,100.0
2010/11/13,2.50,100.0,100.0
2010/11/14,13.10,100.0,100.0
2010/11/15,31.00,100.0,100.0
2010/11/16,16.60,100.0,100.0
2010/11/17,10.40,100.0,100.0
2010/11/18,8.40,100.0,100.0
2010/11/19,1.30,100.0,100.0
2010/11/20,21.80,100.0,100.0
2010/11/21,4.20,100.0,100.0
2010/11/22,8.00,100.0,100.0
2010/11/23,5.00,100.0,100.0
2010/11/24,0.10,100.0,100.0
2010/11/25,0.20,100.0,100.0
2010/11/26,4.00,100.0,100.0
2010/11/27,0.60,100.0,100.0
2010/11/28,7.30,100.0,100.0
2010/11/29,0.10,100.0,100.0
2010/11/30,0.00,100.0,100.0
2010/12/01,0.00,100.0,100.0
2010/12/02,0.00,100.0,100.0
2010/12/03,0.00,100.0,100.0
2010/12/04,0.00,100.0,100.0
2010/12/05,0.00,100.0,100.0
2010/12/06,0.00,100.0,100.0
2010/12/07,0.00,100.0,100.0
2010/12/08,0.00,100.0,100.0
2010/12/09,9.40,100.0,100.0
2010/12/10,2.30,100.0,100.0
2010/12/11,3.60,100.0,100.0
2010/12/12,0.50,100.0,100.0
2010/12/13,1.60,100.0,100.0
2010/12/14,1.30,100.0,100.0
2010/12/15,20.30,100.0,100.0
2010/12/16,17.30,100.0,100.0
2010/12/17,29.70,100.0,100.0
2010/12/18,16.60,100.0,100.0
2010/12/19,11.00,100.0,100.0
2010/12/20,5.10,100.0,100.0
2010/12/21,0.40,100.0,100.0
2010/12/22,0.20,100.0,100.0
2010/12/23,17.10,100.0,100.0
2010/12/24,5.00,100.0,100.0
2010/12/25,,,
2010/12/26,,,
2010/12/27,,,
2010/12/28,,,
2010/12/29,,,
2010/12/30,,,
2010/12/31,,,
2011/01/01,,,
2011/01/02,,,
2011/01/03,,,
2011/01/04,,,
2011/01/05,,,
2011/01/06,,,
2011/01/07,,,
2011/01/08,,,
2011/01/09,,,
2011/01/10,,,
2011/01/11,,,
2011/01/12,,,
2011/01/13,,,
2011/01/14,,,
2011/01/15,,,
2011/01/16,,,
2011/01/17,,,
2011/01/18,,,
2011/01/19,,,
2011/01/20,,,
2011/01/21,,,
2011/01/22,,,
2011/01/23,,,
2011/01/24,,,
2011/01/25,0.00,100.0,100.0
2011/01/26,0.00,100.0,100.0
2011/01/27,5.10,100.0,100.0
2011/01/28,8.70,100.0,100.0
2011/01/29,2.70,100.0,100.0
2011/01/30,0.00,100.0,100.0
2011/01/31,0.00,100.0,100.0
2011/02/01,0.00,100.0,100.0
2011/02/02,0.00,100.0,100.0
2011/02/03,0.00,100.0,100.0
2011/02/04,0.00,100.0,100.0
2011/02/05,0.00,100.0,100.0
2011/02/06,24.60,100.0,100.0
2011/02/07,8.80,100.0,100.0
2011/02/08,9.30,100.0,100.0
2011/02/09,0.20,100.0,100.0
2011/02/10,1.20,100.0,100.0
2011/02/11,4.10,100.0,100.0
2011/02/12,3.80,100.0,100.0
2011/02/13,4.50,100.0,100.0
2011/02/14,7.80,100.0,100.0
2011/02/15,0.80,100.0,100.0
2011/02/16,7.00,100.0,100.0
2011/02/17,8.80,100.0,100.0
2011/02/18,0.00,100.0,100.0
2011/02/19,0.70,100.0,100.0
2011/02/20,6.70,100.0,100.0
2011/02/21,30.00,100.0,100.0
2011/02/22,0.80,100.0,100.0
2011/02/23,0.20,100.0,100.0
2011/02/24,13.10,100.0,100.0
2011/02/25,8.20,100.0,100.0
2011/02/26,0.00,100.0,100.0
2011/02/27,3.60,100.0,100.0
2011/02/28,10.70,100.0,100.0
2011/03/01,12.80,100.0,100.0
2011/03/02,1.00,100.0,100.0
2011/03/03,0.10,100.0,100.0
2011/03/04,10.20,100.0,100.0
2011/03/05,14.20,100.0,100.0
2011/03/06,17.30,100.0,100.0
2011/03/07,0.00,100.0,100.0
2011/03/08,1.60,100.0,100.0
2011/03/09,5.50,100.0,100.0
2011/03/10,0.60,100.0,100.0
2011/03/11,1.50,100.0,100.0
2011/03/12,6.60,100.0,100.0
2011/03/13,1.10,100.0,100.0
2011/03/14,3.90,100.0,100.0
2011/03/15,0.00,100.0,100.0
2011/03/16,0.00,100.0,100.0
2011/03/17,3.80,100.0,100.0
2011/03/18,21.40,100.0,100.0
2011/03/19,4.30,100.0,100.0
2011/03/20,2.60,100.0,100.0
2011/03/21,9.20,100.0,100.0
2011/03/22,1.20,100.0,100.0
2011/03/23,0.00,100.0,100.0
2011/03/24,14.80,100.0,100.0
2011/03/25,0.20,100.0,100.0
2011/03/26,0.50,100.0,100.0
2011/03/27,0.20,100.0,100.0
2011/03/28,0.00,100.0,100.0
2011/03/29,0.00,100.0,100.0
2011/03/30,1.30,100.0,100.0
2011/03/31,0.80,100.0,100.0
2011/04/01,2.60,100.0,100.0
2011/04/02,0.50,100.0,100.0
2011/04/03,5.40,100.0,100.0
2011/04/04,8.80,100.0,100.0
2011/04/05,9.20,100.0,100.0
2011/04/06,0.00,100.0,100.0
2011/04/07,0.00,100.0,100.0
2011/04/08,0.00,100.0,100.0
2011/04/09,0.00,100.0,100.0
2011/04/10,0.00,100.0,100.0
2011/04/11,0.00,100.0,100.0
2011/04/12,0.00,100.0,100.0
2011/04/13,0.00,100.0,100.0
2011/04/14,0.00,100.0,100.0
2011/04/15,,,
2011/04/16,,,
2011/04/17,,,
2011/04/18,,,
2011/04/19,,,
2011/04/20,,,
2011/04/21,,,
2011/04/22,,,
2011/04/23,,,
2011/04/24,,,
2011/04/25,,,
2011/04/26,,,
2011/04/27,,,
2011/04/28,,74.0,70.8
2011/04/29,,,
2011/04/30,,,
2011/05/01,,24.3,25.0
2011/05/02,0.10,100.0,100.0
2011/05/03,0.00,100.0,100.0
2011/05/04,0.00,100.0,100.0
2011/05/05,0.00,100.0,100.0
2011/05/06,0.00,100.0,100.0
2011/05/07,0.00,100.0,100.0
2011/05/08,0.00,100.0,100.0
2011/05/09,0.00,100.0,100.0
2011/05/10,0.00,100.0,100.0
2011/05/11,0.00,100.0,100.0
2011/05/12,0.00,100.0,100.0
2011/05/13,11.10,100.0,100.0
2011/05/14,2.60,100.0,100.0
2011/05/15,2.00,100.0,100.0
2011/05/16,0.00,100.0,100.0
2011/05/17,0.00,100.0,100.0
2011/05/18,0.00,100.0,100.0
2011/05/19,0.00,100.0,100.0
2011/05/20,0.00,100.0,100.0
2011/05/21,8.40,100.0,100.0
2011/05/22,6.20,100.0,100.0
2011/05/23,1.00,100.0,100.0
2011/05/24,0.00,100.0,100.0
2011/05/25,0.20,100.0,100.0
2011/05/26,0.10,100.0,100.0
2011/05/27,0.00,100.0,100.0
2011/05/28,0.10,100.0,100.0
2011/05/29,0.10,100.0,100.0
2011/05/30,0.00,100.0,100.0
2011/05/31,0.00,100.0,100.0
2011/06/01,0.90,100.0,100.0
2011/06/02,0.10,100.0,100.0
2011/06/03,0.30,100.0,100.0
2011/06/04,1.40,100.0,100.0
2011/06/05,9.90,100.0,100.0
2011/06/06,0.00,100.0,100.0
2011/06/07,0.00,100.0,100.0
2011/06/08,,0.3,0.0
2011/06/09,,,
2011/06/10,,,
2011/06/11,,,
2011/06/12,,,
2011/06/13,,,
2011/06/14,0.10,100.0,100.0
2011/06/15,0.00,100.0,100.0
2011/06/16,0.30,100.0,100.0
2011/06/17,0.00,100.0,100.0
2011/06/18,0.10,100.0,100.0
2011/06/19,12.20,100.0,100.0
2011/06/20,0.10,100.0,100.0
2011/06/21,0.00,100.0,100.0
2011/06/22,0.30,100.0,100.0
2011/06/23,0.00,100.0,100.0
2011/06/24,0.10,100.0,100.0
2011/06/25,0.00,100.0,100.0
2011/06/26,0.00,100.0,100.0
2011/06/27,0.00,100.0,100.0
2011/06/28,0.00,100.0,100.0
2011/06/29,0.50,100.0,100.0
2011/06/30,0.10,100.0,100.0
2011/07/01,0.00,100.0,100.0
2011/07/02,0.00,100.0,100.0
2011/07/03,0.00,100.0,100.0
2011/07/04,0.00,100.0,100.0
2011/07/05,0.00,100.0,100.0
2011/07/06,0.10,100.0,100.0
2011/07/07,0.00,100.0,100.0
2011/07/08,0.00,100.0,100.0
2011/07/09,0.30,100.0,100.0
2011/07/10,0.00,100.0,100.0
2011/07/11,0.00,100.0,100.0
2011/07/12,0.00,100.0,100.0
2011/07/13,15.90,100.0,100.0
2011/07/14,14.20,100.0,100.0
2011/07/15,8.60,100.0,100.0
2011/07/16,0.60,100.0,100.0
2011/07/17,0.00,100.0,100.0
2011/07/18,0.00,100.0,100.0
2011/07/19,0.00,100.0,100.0
2011/07/20,0.00,100.0,100.0
2011/07/21,0.00,100.0,100.0
2011/07/22,0.00,100.0,100.0
2011/07/23,0.00,100.0,100.0
2011/07/24,0.00,100.0,100.0
2011/07/25,0.00,100.0,100.0
2011/07/26,0.00,100.0,100.0
2011/07/27,,,
2011/07/28,,,
2011/07/29,,,
2011/07/30,,,
2011/07/31,,,
2011/08/01,0.00,100.0,100.0
2011/08/02,0.00,100.0,100.0
2011/08/03,0.00,100.0,100.0
2011/08/04,0.00,100.0,100.0
2011/08/05,0.00,100.0,100.0
2011/08/06,0.00,100.0,100.0
2011/08/07,0.00,100.0,100.0
2011/08/08,0.00,100.0,100.0
2011/08/09,0.00,100.0,100.0
2011/08/10,0.00,100.0,100.0
2011/08/11,0.00,100.0,100.0
2011/08/12,0.00,100.0,100.0
2011/08/13,0.00,100.0,100.0
2011/08/14,0.00,100.0,100.0
2011/08/15,0.00,100.0,100.0
2011/08/16,0.00,100.0,100.0
2011/08/17,0.60,100.0,100.0
2011/08/18,25.20,100.0,100.0
2011/08/19,1.00,100.0,100.0
2011/08/20,0.90,100.0,100.0
2011/08/21,15.70,100.0,100.0
2011/08/22,2.30,100.0,100.0
2011/08/23,1.10,100.0,100.0
2011/08/24,0.10,100.0,100.0
2011/08/25,0.00,100.0,100.0
2011/08/26,0.00,100.0,100.0
2011/08/27,0.00,100.0,100.0
2011/08/28,0.00,100.0,100.0
2011/08/29,0.00,100.0,100.0
2011/08/30,0.00,100.0,100.0
2011/08/31,0.00,100.0,100.0
2011/09/01,0.00,100.0,100.0
2011/09/02,0.00,100.0,100.0
2011/09/03,0.00,100.0,100.0
2011/09/04,0.00,100.0,100.0
2011/09/05,0.00,100.0,100.0
2011/09/06,0.00,100.0,100.0
2011/09/07,0.00,100.0,100.0
2011/09/08,6.60,100.0,100.0
2011/09/09,8.00,100.0,100.0
2011/09/10,0.00,100.0,100.0
2011/09/11,0.00,100.0,100.0
2011/09/12,0.00,100.0,100.0
2011/09/13,0.00,100.0,100.0
2011/09/14,0.10,100.0,100.0
2011/09/15,0.00,100.0,100.0
2011/09/16,5.90,100.0,100.0
2011/09/17,15.00,100.0,100.0
2011/09/18,11.60,100.0,100.0
2011/09/19,0.00,100.0,100.0
2011/09/20,0.00,100.0,100.0
2011/09/21,0.00,100.0,100.0
2011/09/22,0.00,100.0,100.0
2011/09/23,3.60,100.0,100.0
2011/09/24,3.70,100.0,100.0
2011/09/25,8.20,100.0,100.0
2011/09/26,0.00,100.0,100.0
2011/09/27,0.00,100.0,100.0
2011/09/28,0.00,100.0,100.0
2011/09/29,1.80,100.0,100.0
2011/09/30,1.90,100.0,100.0
2011/10/01,0.00,100.0,100.0
2011/10/02,5.30,100.0,100.0
2011/10/03,5.20,100.0,100.0
2011/10/04,3.80,100.0,100.0
2011/10/05,0.60,100.0,100.0
2011/10/06,11.60,100.0,100.0
2011/10/07,0.00,100.0,100.0
2011/10/08,0.00,100.0,100.0
2011/10/09,0.00,100.0,100.0
2011/10/10,7.30,100.0,100.0
2011/10/11,7.80,100.0,100.0
2011/10/12,1.70,100.0,100.0
2011/10/13,0.30,100.0,100.0
2011/10/14,0.00,100.0,100.0
2011/10/15,0.00,100.0,100.0
2011/10/16,0.00,100.0,100.0
2011/10/17,0.00,100.0,100.0
2011/10/18,0.00,100.0,100.0
2011/10/19,0.00,100.0,100.0
2011/10/20,0.00,100.0,100.0
2011/10/21,1.20,100.0,100.0
2011/10/22,0.00,100.0,100.0
2011/10/23,0.00,100.0,100.0
2011/10/24,0.00,100.0,100.0
2011/10/25,2.80,100.0,100.0
2011/10/26,0.10,100.0,100.0
2011/10/27,0.40,100.0,100.0
2011/10/28,0.00,100.0,100.0
2011/10/29,0.00,100.0,100.0
2011/10/30,0.00,100.0,100.0
2011/10/31,0.00,100.0,100.0
2011/11/01,0.00,100.0,100.0
2011/11/02,5.00,100.0,100.0
2011/11/03,0.50,100.0,100.0
2011/11/04,0.20,100.0,100.0
2011/11/05,0.00,100.0,100.0
2011/11/06,0.00,100.0,100.0
2011/11/07,13.20,100.0,100.0
2011/11/08,1.50,100.0,100.0
2011/11/09,0.00,100.0,100.0
2011/11/10,1.50,100.0,100.0
2011/11/11,3.50,100.0,100.0
2011/11/12,1.40,100.0,100.0
2011/11/13,0.00,100.0,100.0
2011/11/14,0.00,100.0,100.0
2011/11/15,0.00,100.0,100.0
2011/11/16,0.00,100.0,100.0
2011/11/17,0.00,100.0,100.0
2011/11/18,0.00,100.0,100.0
2011/11/19,0.00,100.0,100.0
2011/11/20,0.00,100.0,100.0
2011/11/21,0.00,100.0,100.0
2011/11/22,0.00,100.0,100.0
2011/11/23,0.00,100.0,100.0
2011/11/24,2.40,100.0,100.0
2011/11/25,8.00,100.0,100.0
2011/11/26,19.30,100.0,100.0
2011/11/27,4.60,100.0,100.0
2011/11/28,0.00,100.0,100.0
2011/11/29,0.00,100.0,100.0
2011/11/30,0.00,100.0,100.0
2011/12/01,13.00,100.0,100.0
2011/12/02,12.30,100.0,100.0
2011/12/03,0.70,100.0,100.0
2011/12/04,4.50,100.0,100.0
2011/12/05,0.20,100.0,100.0
2011/12/06,2.90,100.0,100.0
2011/12/07,0.80,100.0,100.0
2011/12/08,1.00,100.0,100.0
2011/12/09,0.60,100.0,100.0
2011/12/10,0.00,100.0,100.0
2011/12/11,0.00,100.0,100.0
2011/12/12,1.00,100.0,100.0
2011/12/13,11.10,100.0,100.0
2011/12/14,11.60,100.0,100.0
2011/12/15,1.20,100.0,100.0
2011/12/16,6.70,100.0,100.0
2011/12/17,0.30,100.0,100.0
2011/12/18,15.40,100.0,100.0
2011/12/19,13.00,100.0,100.0
2011/12/20,0.30,100.0,100.0
2011/12/21,0.00,100.0,100.0
2011/12/22,0.00,100.0,100.0
2011/12/23,0.00,100.0,100.0
2011/12/24,0.80,100.0,100.0
2011/12/25,0.00,100.0,100.0
2011/12/26,0.00,100.0,100.0
2011/12/27,0.00,100.0,100.0
2011/12/28,0.70,100.0,100.0
2011/12/29,0.00,100.0,100.0
2011/12/30,0.00,100.0,100.0
2011/12/31,0.00,100.0,100.0
2012/01/01,0.00,100.0,100.0
2012/01/02,0.00,100.0,100.0
2012/01/03,4.50,100.0,100.0
2012/01/04,1.50,100.0,100.0
2012/01/05,11.60,100.0,100.0
2012/01/06,8.50,100.0,100.0
2012/01/07,0.00,100.0,100.0
2012/01/08,16.30,100.0,100.0
2012/01/09,6.00,100.0,100.0
2012/01/10,3.40,100.0,100.0
2012/01/11,0.00,100.0,100.0
2012/01/12,0.00,100.0,100.0
2012/01/13,0.00,100.0,100.0
2012/01/14,0.20,100.0,100.0
2012/01/15,8.80,100.0,100.0
2012/01/16,14.60,100.0,100.0
2012/01/17,0.90,100.0,100.0
2012/01/18,13.70,100.0,100.0
2012/01/19,12.20,100.0,100.0
2012/01/20,15.20,100.0,100.0
2012/01/21,3.40,100.0,100.0
2012/01/22,7.40,100.0,100.0
2012/01/23,10.40,100.0,100.0
2012/01/24,1.50,100.0,100.0
2012/01/25,0.00,100.0,100.0
2012/01/26,0.00,100.0,100.0
2012/01/27,0.70,100.0,100.0
2012/01/28,0.70,100.0,100.0
2012/01/29,0.10,100.0,100.0
2012/01/30,0.10,100.0,100.0
2012/01/31,0.10,100.0,100.0
2012/02/01,0.30,100.0,100.0
2012/02/02,0.00,100.0,100.0
2012/02/03,0.00,100.0,100.0
2012/02/04,0.20,100.0,100.0
2012/02/05,0.00,100.0,100.0
2012/02/06,1.70,100.0,100.0
2012/02/07,0.10,100.0,100.0
2012/02/08,3.70,100.0,100.0
2012/02/09,0.00,100.0,100.0
2012/02/10,1.40,100.0,100.0
2012/02/11,5.80,100.0,100.0
2012/02/12,5.90,100.0,100.0
2012/02/13,2.80,100.0,100.0
2012/02/14,6.00,100.0,100.0
2012/02/15,6.70,100.0,100.0
2012/02/16,2.60,100.0,100.0
2012/02/17,1.00,100.0,100.0
2012/02/18,11.00,100.0,100.0
2012/02/19,16.10,100.0,100.0
2012/02/20,1.40,100.0,100.0
2012/02/21,0.10,100.0,100.0
2012/02/22,2.90,100.0,100.0
2012/02/23,0.50,100.0,100.0
2012/02/24,0.00,100.0,100.0
2012/02/25,0.10,100.0,100.0
2012/02/26,4.90,100.0,100.0
2012/02/27,0.00,100.0,100.0
2012/02/28,0.10,100.0,100.0
2012/02/29,11.70,100.0,100.0
2012/03/01,0.10,100.0,100.0
2012/03/02,24.10,100.0,100.0
2012/03/03,0.00,100.0,100.0
2012/03/04,0.00,100.0,100.0
2012/03/05,0.00,100.0,100.0
2012/03/06,0.10,100.0,100.0
2012/03/07,0.00,100.0,100.0
2012/03/08,0.00,100.0,100.0
2012/03/09,0.00,100.0,100.0
2012/03/10,0.00,100.0,100.0
2012/03/11,4.60,100.0,100.0
2012/03/12,0.10,100.0,100.0
2012/03/13,0.00,100.0,100.0
2012/03/14,0.00,100.0,100.0
2012/03/15,0.00,100.0,100.0
2012/03/16,0.20,100.0,100.0
2012/03/17,28.70,100.0,100.0
2012/03/18,15.80,100.0,100.0
2012/03/19,17.60,100.0,100.0
2012/03/20,7.20,100.0,100.0
2012/03/21,5.40,100.0,100.0
2012/03/22,8.20,100.0,100.0
2012/03/23,8.00,100.0,100.0
2012/03/24,2.60,100.0,100.0
2012/03/25,15.60,100.0,100.0
2012/03/26,3.80,100.0,100.0
2012/03/27,15.60,100.0,100.0
2012/03/28,0.10,100.0,100.0
2012/03/29,0.00,100.0,100.0
2012/03/30,0.00,100.0,100.0
2012/03/31,3.50,100.0,100.0
2012/04/01,5.50,100.0,100.0
2012/04/02,0.70,100.0,100.0
2012/04/03,0.10,100.0,100.0
2012/04/04,24.00,100.0,100.0
2012/04/05,6.30,100.0,100.0
2012/04/06,7.20,100.0,100.0
2012/04/07,5.00,100.0,100.0
2012/04/08,24.50,100.0,100.0
2012/04/09,7.60,100.0,100.0
2012/04/10,15.50,100.0,100.0
2012/04/11,5.80,100.0,100.0
2012/04/12,9.10,100.0,100.0
2012/04/13,0.20,100.0,100.0
2012/04/14,5.00,100.0,100.0
2012/04/15,0.00,100.0,100.0
2012/04/16,0.80,100.0,100.0
2012/04/17,9.90,100.0,100.0
2012/04/18,5.10,100.0,100.0
2012/04/19,0.30,100.0,100.0
2012/04/20,1.50,100.0,100.0
2012/04/21,1.60,100.0,100.0
2012/04/22,10.90,100.0,100.0
2012/04/23,5.30,100.0,100.0
2012/04/24,0.40,100.0,100.0
2012/04/25,1.30,100.0,100.0
2012/04/26,18.80,100.0,100.0
2012/04/27,1.30,100.0,100.0
2012/04/28,0.80,100.0,100.0
2012/04/29,0.00,100.0,100.0
2012/04/30,0.00,100.0,100.0
2012/05/01,14.10,100.0,100.0
2012/05/02,6.60,100.0,100.0
2012/05/03,0.10,100.0,100.0
2012/05/04,0.00,100.0,100.0
2012/05/05,4.10,100.0,100.0
2012/05/06,9.20,100.0,100.0
2012/05/07,0.00,100.0,100.0
2012/05/08,0.00,100.0,100.0
2012/05/09,0.00,100.0,100.0
2012/05/10,0.00,100.0,100.0
2012/05/11,0.00,100.0,100.0
2012/05/12,0.00,100.0,100.0
2012/05/13,0.00,100.0,100.0
2012/05/14,0.00,100.0,100.0
2012/05/15,0.00,100.0,100.0
2012/05/16,0.00,100.0,100.0
2012/05/17,0.00,100.0,100.0
2012/05/18,0.00,100.0,100.0
2012/05/19,0.00,100.0,100.0
2012/05/20,0.00,100.0,100.0
2012/05/21,0.00,100.0,100.0
2012/05/22,0.00,100.0,100.0
2012/05/23,0.00,100.0,100.0
2012/05/24,0.00,100.0,100.0
2012/05/25,0.00,100.0,100.0
2012/05/26,0.00,100.0,100.0
2012/05/27,0.00,100.0,100.0
2012/05/28,0.00,100.0,100.0
2012/05/29,0.00,100.0,100.0
2012/05/30,0.00,100.0,100.0
2012/05/31,0.00,100.0,100.0
2012/06/01,0.00,100.0,100.0
2012/06/02,0.00,100.0,100.0
2012/06/03,0.00,100.0,100.0
2012/06/04,0.00,100.0,100.0
2012/06/05,0.00,100.0,100.0
2012/06/06,0.00,100.0,100.0
2012/06/07,0.00,100.0,100.0
2012/06/08,0.00,100.0,100.0
2012/06/09,0.00,100.0,100.0
2012/06/10,0.00,100.0,100.0
2012/06/11,0.00,100.0,100.0
2012/06/12,0.00,100.0,100.0
2012/06/13,0.00,100.0,100.0
2012/06/14,0.00,100.0,100.0
2012/06/15,0.00,100.0,100.0
2012/06/16,0.00,100.0,100.0
2012/06/17,0.00,100.0,100.0
2012/06/18,0.00,100.0,100.0
2012/06/19,0.00,100.0,100.0
2012/06/20,0.00,100.0,100.0
2012/06/21,0.80,100.0,100.0
2012/06/22,0.00,100.0,100.0
2012/06/23,0.00,100.0,100.0
2012/06/24,0.00,100.0,100.0
2012/06/25,4.50,100.0,100.0
2012/06/26,0.00,100.0,100.0
2012/06/27,0.00,100.0,100.0
2012/06/28,0.00,100.0,100.0
2012/06/29,0.00,100.0,100.0
2012/06/30,0.00,100.0,100.0
2012/07/01,0.90,100.0,100.0
2012/07/02,0.00,100.0,100.0
2012/07/03,0.00,100.0,100.0
2012/07/04,0.00,100.0,100.0
2012/07/05,0.00,100.0,100.0
2012/07/06,0.00,100.0,100.0
2012/07/07,0.00,100.0,100.0
2012/07/08,0.00,100.0,100.0
2012/07/09,0.00,100.0,100.0
2012/07/10,1.40,100.0,100.0
2012/07/11,0.00,100.0,100.0
2012/07/12,0.30,100.0,100.0
2012/07/13,0.00,100.0,100.0
2012/07/14,0.00,100.0,100.0
2012/07/15,0.00,100.0,100.0
2012/07/16,0.00,100.0,100.0
2012/07/17,0.00,100.0,100.0
2012/07/18,0.00,100.0,100.0
2012/07/19,0.00,100.0,100.0
2012/07/20,0.00,100.0,100.0
2012/07/21,0.00,100.0,100.0
2012/07/22,0.00,100.0,100.0
2012/07/23,0.00,100.0,100.0
2012/07/24,0.00,100.0,100.0
2012/07/25,0.00,100.0,100.0
2012/07/26,0.00,100.0,100.0
2012/07/27,0.00,100.0,100.0
2012/07/28,0.00,100.0,100.0
2012/07/29,0.00,100.0,100.0
2012/07/30,0.00,100.0,100.0
2012/07/31,0.00,100.0,100.0
2012/08/01,0.00,100.0,100.0
2012/08/02,0.00,100.0,100.0
2012/08/03,0.00,100.0,100.0
2012/08/04,1.20,100.0,100.0
2012/08/05,0.00,100.0,100.0
2012/08/06,0.00,100.0,100.0
2012/08/07,0.00,100.0,100.0
2012/08/08,0.00,100.0,100.0
2012/08/09,0.00,100.0,100.0
2012/08/10,0.00,100.0,100.0
2012/08/11,0.00,100.0,100.0
2012/08/12,0.00,100.0,100.0
2012/08/13,0.00,100.0,100.0
2012/08/14,0.00,100.0,100.0
2012/08/15,0.00,100.0,100.0
2012/08/16,0.40,100.0,100.0
2012/08/17,0.80,100.0,100.0
2012/08/18,0.00,100.0,100.0
2012/08/19,0.00,100.0,100.0
2012/08/20,0.00,100.0,100.0
2012/08/21,0.00,100.0,100.0
2012/08/22,0.00,100.0,100.0
2012/08/23,0.00,100.0,100.0
2012/08/24,0.00,100.0,100.0
2012/08/25,0.00,100.0,100.0
2012/08/26,0.00,100.0,100.0
2012/08/27,0.00,100.0,100.0
2012/08/28,0.00,100.0,100.0
2012/08/29,0.00,100.0,100.0
2012/08/30,0.00,100.0,100.0
2012/08/31,0.00,100.0,100.0
2012/09/01,0.00,100.0,100.0
2012/09/02,0.00,100.0,100.0
2012/09/03,0.00,100.0,100.0
2012/09/04,0.00,100.0,100.0
2012/09/05,0.00,100.0,100.0
2012/09/06,0.00,100.0,100.0
2012/09/07,0.00,100.0,100.0
2012/09/08,0.00,100.0,100.0
2012/09/09,0.00,100.0,100.0
2012/09/10,0.00,100.0,100.0
2012/09/11,0.00,100.0,100.0
2012/09/12,0.00,100.0,100.0
2012/09/13,0.00,100.0,100.0
2012/09/14,0.00,100.0,100.0
2012/09/15,0.00,100.0,100.0
2012/09/16,0.00,100.0,100.0
2012/09/17,0.00,100.0,100.0
2012/09/18,0.00,100.0,100.0
2012/09/19,0.00,100.0,100.0
2012/09/20,0.00,100.0,100.0
2012/09/21,1.90,100.0,100.0
2012/09/22,0.00,100.0,100.0
2012/09/23,0.00,100.0,100.0
2012/09/24,5.30,100.0,100.0
2012/09/25,2.70,100.0,100.0
2012/09/26,0.10,100.0,100.0
2012/09/27,0.40,100.0,100.0
2012/09/28,1.30,100.0,100.0
2012/09/29,0.00,100.0,100.0
2012/09/30,0.00,100.0,100.0
2012/10/01,4.70,100.0,100.0
2012/10/02,0.20,100.0,100.0
2012/10/03,7.10,100.0,100.0
2012/10/04,0.10,100.0,100.0
2012/10/05,18.20,100.0,100.0
2012/10/06,12.70,100.0,100.0
2012/10/07,2.20,100.0,100.0
2012/10/08,0.30,100.0,100.0
2012/10/09,0.00,100.0,100.0
2012/10/10,12.70,100.0,100.0
2012/10/11,11.80,100.0,100.0
2012/10/12,12.50,100.0,100.0
2012/10/13,4.90,100.0,100.0
2012/10/14,11.10,100.0,100.0
2012/10/15,3.50,100.0,100.0
2012/10/16,3.90,100.0,100.0
2012/10/17,0.80,100.0,100.0
2012/10/18,0.00,100.0,100.0
2012/10/19,0.00,100.0,100.0
2012/10/20,0.00,100.0,100.0
2012/10/21,0.00,100.0,100.0
2012/10/22,0.00,100.0,100.0
2012/10/23,6.00,100.0,100.0
2012/10/24,1.40,100.0,100.0
2012/10/25,0.10,100.0,100.0
2012/10/26,0.00,100.0,100.0
2012/10/27,0.00,100.0,100.0
2012/10/28,0.00,100.0,100.0
2012/10/29,4.60,100.0,100.0
2012/10/30,5.40,100.0,100.0
2012/10/31,0.40,100.0,100.0
2012/11/01,0.00,100.0,100.0
2012/11/02,1.40,100.0,100.0
2012/11/03,1.30,100.0,100.0
2012/11/04,2.00,100.0,100.0
2012/11/05,26.10,100.0,100.0
2012/11/06,4.70,100.0,100.0
2012/11/07,0.10,100.0,100.0
2012/11/08,0.00,100.0,100.0
2012/11/09,0.00,100.0,100.0
2012/11/10,8.60,100.0,100.0
2012/11/11,5.00,100.0,100.0
2012/11/12,13.80,100.0,100.0
2012/11/13,23.20,100.0,100.0
2012/11/14,26.50,100.0,100.0
2012/11/15,9.90,100.0,100.0
2012/11/16,0.00,100.0,100.0
2012/11/17,0.00,100.0,100.0
2012/11/18,0.00,100.0,100.0
2012/11/19,0.00,100.0,100.0
2012/11/20,0.00,100.0,100.0
2012/11/21,0.70,100.0,100.0
2012/11/22,0.50,100.0,100.0
2012/11/23,0.00,100.0,100.0
2012/11/24,0.00,100.0,100.0
2012/11/25,0.00,100.0,100.0
2012/11/26,1.00,100.0,100.0
2012/11/27,0.00,100.0,100.0
2012/11/28,11.40,100.0,100.0
2012/11/29,11.80,100.0,100.0
2012/11/30,7.50,100.0,100.0
2012/12/01,0.40,100.0,100.0
2012/12/02,0.00,100.0,100.0
2012/12/03,0.00,100.0,100.0
2012/12/04,0.20,100.0,100.0
2012/12/05,0.00,100.0,100.0
2012/12/06,0.00,100.0,100.0
2012/12/07,0.00,100.0,100.0
2012/12/08,0.00,100.0,100.0
2012/12/09,0.00,100.0,100.0
2012/12/10,0.00,100.0,100.0
2012/12/11,0.00,100.0,100.0
2012/12/12,5.40,100.0,100.0
2012/12/13,14.30,100.0,100.0
2012/12/14,0.10,100.0,100.0
2012/12/15,0.00,100.0,100.0
2012/12/16,0.00,100.0,100.0
2012/12/17,0.00,100.0,100.0
2012/12/18,0.00,100.0,100.0
2012/12/19,0.00,100.0,100.0
2012/12/20,0.00,100.0,100.0
2012/12/21,0.00,100.0,100.0
2012/12/22,0.00,100.0,100.0
2012/12/23,0.00,100.0,100.0
2012/12/24,4.20,100.0,100.0
2012/12/25,30.20,100.0,100.0
2012/12/26,0.30,100.0,100.0
2012/12/27,0.00,100.0,100.0
2012/12/28,0.00,100.0,100.0
2012/12/29,0.00,100.0,100.0
2012/12/30,0.00,100.0,100.0
2012/12/31,0.00,100.0,100.0
2013/01/01,0.00,100.0,100.0
2013/01/02,0.00,100.0,100.0
2013/01/03,0.20,100.0,100.0
2013/01/04,0.10,100.0,100.0
2013/01/05,0.00,100.0,100.0
2013/01/06,0.00,100.0,100.0
2013/01/07,0.00,100.0,100.0
2013/01/08,0.00,100.0,100.0
2013/01/09,0.00,100.0,100.0
2013/01/10,0.00,100.0,100.0
2013/01/11,0.20,100.0,100.0
2013/01/12,18.40,100.0,100.0
2013/01/13,11.90,100.0,100.0
2013/01/14,0.00,100.0,100.0
2013/01/15,0.00,100.0,100.0
2013/01/16,0.00,100.0,100.0
2013/01/17,0.30,100.0,100.0
2013/01/18,0.00,100.0,100.0
2013/01/19,0.00,100.0,100.0
2013/01/20,0.00,100.0,100.0
2013/01/21,0.00,100.0,100.0
2013/01/22,0.00,100.0,100.0
2013/01/23,0.00,100.0,100.0
2013/01/24,8.90,100.0,100.0
2013/01/25,0.00,100.0,100.0
2013/01/26,0.00,100.0,100.0
2013/01/27,0.00,100.0,100.0
2013/01/28,0.00,100.0,100.0
2013/01/29,0.00,100.0,100.0
2013/01/30,0.00,100.0,100.0
2013/01/31,0.00,100.0,100.0
2013/02/01,0.10,100.0,100.0
2013/02/02,3.70,100.0,100.0
2013/02/03,4.60,100.0,100.0
2013/02/04,32.50,100.0,100.0
2013/02/05,4.30,100.0,100.0
2013/02/06,6.70,100.0,100.0
2013/02/07,0.10,100.0,100.0
2013/02/08,7.60,100.0,100.0
2013/02/09,11.70,100.0,100.0
2013/02/10,22.60,100.0,100.0
2013/02/11,32.90,100.0,100.0
2013/02/12,17.80,100.0,100.0
2013/02/13,6.20,100.0,100.0
2013/02/14,1.60,100.0,100.0
2013/02/15,0.00,100.0,100.0
2013/02/16,0.80,100.0,100.0
2013/02/17,0.10,100.0,100.0
2013/02/18,3.80,100.0,100.0
2013/02/19,0.00,100.0,100.0
2013/02/20,0.00,100.0,100.0
2013/02/21,0.00,100.0,100.0
2013/02/22,0.00,100.0,100.0
2013/02/23,0.00,100.0,100.0
2013/02/24,0.00,100.0,100.0
2013/02/25,0.00,100.0,100.0
2013/02/26,0.00,100.0,100.0
2013/02/27,0.00,100.0,100.0
2013/02/28,2.40,100.0,100.0
2013/03/01,4.70,100.0,100.0
2013/03/02,0.00,100.0,100.0
2013/03/03,0.00,100.0,100.0
2013/03/04,0.00,100.0,100.0
2013/03/05,0.10,100.0,100.0
2013/03/06,0.00,100.0,100.0
2013/03/07,0.50,100.0,100.0
2013/03/08,1.30,100.0,100.0
2013/03/09,1.10,100.0,100.0
2013/03/10,2.50,100.0,100.0
2013/03/11,0.10,100.0,100.0
2013/03/12,0.00,100.0,100.0
2013/03/13,0.00,100.0,100.0
2013/03/14,0.10,100.0,100.0
2013/03/15,9.70,100.0,100.0
2013/03/16,11.10,100.0,100.0
2013/03/17,0.20,100.0,100.0
2013/03/18,6.80,100.0,100.0
2013/03/19,0.00,100.0,100.0
2013/03/20,27.00,100.0,100.0
2013/03/21,2.40,100.0,100.0
2013/03/22,5.70,100.0,100.0
2013/03/23,0.10,100.0,100.0
2013/03/24,1.70,100.0,100.0
2013/03/25,0.80,100.0,100.0
2013/03/26,3.60,100.0,100.0
2013/03/27,0.00,100.0,100.0
2013/03/28,0.00,100.0,100.0
2013/03/29,0.00,100.0,100.0
2013/03/30,0.00,100.0,100.0
2013/03/31,0.00,100.0,100.0
2013/04/01,0.00,100.0,100.0
2013/04/02,0.00,100.0,100.0
2013/04/03,0.00,100.0,100.0
2013/04/04,0.00,100.0,100.0
2013/04/05,0.70,100.0,100.0
2013/04/06,0.00,100.0,100.0
2013/04/07,0.00,100.0,100.0
2013/04/08,0.00,100.0,100.0
2013/04/09,0.00,100.0,100.0
2013/04/10,0.00,100.0,100.0
2013/04/11,13.50,100.0,100.0
2013/04/12,0.10,100.0,100.0
2013/04/13,0.00,100.0,100.0
2013/04/14,0.00,100.0,100.0
2013/04/15,0.00,100.0,100.0
2013/04/16,0.80,100.0,100.0
2013/04/17,8.90,100.0,100.0
2013/04/18,10.60,100.0,100.0
2013/04/19,9.50,100.0,100.0
2013/04/20,11.60,100.0,100.0
2013/04/21,5.70,100.0,100.0
2013/04/22,18.40,100.0,100.0
2013/04/23,0.00,100.0,100.0
2013/04/24,0.00,100.0,100.0
2013/04/25,0.00,100.0,100.0
2013/04/26,0.00,100.0,100.0
2013/04/27,0.20,100.0,100.0
2013/04/28,2.30,100.0,100.0
2013/04/29,17.00,100.0,100.0
2013/04/30,1.00,100.0,100.0
2013/05/01,8.30,100.0,100.0
2013/05/02,5.50,100.0,100.0
2013/05/03,5.40,100.0,100.0
2013/05/04,5.20,100.0,100.0
2013/05/05,17.50,100.0,100.0
2013/05/06,14.30,100.0,100.0
2013/05/07,4.00,100.0,100.0
2013/05/08,1.00,100.0,100.0
2013/05/09,0.60,100.0,100.0
2013/05/10,2.30,100.0,100.0
2013/05/11,0.30,100.0,100.0
2013/05/12,0.00,100.0,100.0
2013/05/13,0.00,100.0,100.0
2013/05/14,0.00,100.0,100.0
2013/05/15,0.20,100.0,100.0
2013/05/16,0.00,100.0,100.0
2013/05/17,0.50,100.0,100.0
2013/05/18,0.00,100.0,100.0
2013/05/19,0.00,100.0,100.0
2013/05/20,0.10,100.0,100.0
2013/05/21,5.60,100.0,100.0
2013/05/22,0.10,100.0,100.0
2013/05/23,0.00,100.0,100.0
2013/05/24,0.00,100.0,100.0
2013/05/25,0.00,100.0,100.0
2013/05/26,2.50,100.0,100.0
2013/05/27,0.90,100.0,100.0
2013/05/28,0.00,100.0,100.0
2013/05/29,4.40,100.0,100.0
2013/05/30,8.00,100.0,100.0
2013/05/31,16.50,100.0,100.0
2013/06/01,0.00,100.0,100.0
2013/06/02,0.00,100.0,100.0
2013/06/03,0.00,100.0,100.0
2013/06/04,0.00,100.0,100.0
2013/06/05,0.00,100.0,100.0
2013/06/06,0.00,100.0,100.0
2013/06/07,0.00,100.0,100.0
2013/06/08,0.00,100.0,100.0
2013/06/09,0.00,100.0,100.0
2013/06/10,0.00,100.0,100.0
2013/06/11,0.00,100.0,100.0
2013/06/12,0.00,100.0,100.0
2013/06/13,0.00,100.0,100.0
2013/06/14,0.00,100.0,100.0
2013/06/15,0.00,100.0,100.0
2013/06/16,0.00,100.0,100.0
2013/06/17,0.00,100.0,100.0
2013/06/18,0.00,100.0,100.0
2013/06/19,0.00,100.0,100.0
2013/06/20,0.00,100.0,100.0
2013/06/21,0.00,100.0,100.0
2013/06/22,0.00,100.0,100.0
2013/06/23,0.00,100.0,100.0
2013/06/24,0.00,100.0,100.0
2013/06/25,0.00,100.0,100.0
2013/06/26,0.00,100.0,100.0
2013/06/27,0.00,100.0,100.0
2013/06/28,0.00,100.0,100.0
2013/06/29,0.00,100.0,100.0
2013/06/30,0.10,100.0,100.0
2013/07/01,0.00,100.0,100.0
2013/07/02,0.40,100.0,100.0
2013/07/03,0.00,100.0,100.0
2013/07/04,0.00,100.0,100.0
2013/07/05,0.00,100.0,100.0
2013/07/06,0.00,100.0,100.0
2013/07/07,0.00,100.0,100.0
2013/07/08,0.00,100.0,100.0
2013/07/09,0.00,100.0,100.0
2013/07/10,0.00,100.0,100.0
2013/07/11,0.00,100.0,100.0
2013/07/12,0.00,100.0,100.0
2013/07/13,0.00,100.0,100.0
2013/07/14,0.00,100.0,100.0
2013/07/15,0.00,100.0,100.0
2013/07/16,0.00,100.0,100.0
2013/07/17,0.00,100.0,100.0
2013/07/18,0.00,100.0,100.0
2013/07/19,0.00,100.0,100.0
2013/07/20,0.00,100.0,100.0
2013/07/21,0.00,100.0,100.0
2013/07/22,0.00,100.0,100.0
2013/07/23,0.00,100.0,100.0
2013/07/24,0.00,100.0,100.0
2013/07/25,0.00,100.0,100.0
2013/07/26,0.00,100.0,100.0
2013/07/27,0.00,100.0,100.0
2013/07/28,0.00,100.0,100.0
2013/07/29,0.00,100.0,100.0
2013/07/30,0.00,100.0,100.0
2013/07/31,0.00,100.0,100.0
2013/08/01,0.10,100.0,100.0
2013/08/02,0.30,100.0,100.0
2013/08/03,0.00,100.0,100.0
2013/08/04,0.00,100.0,100.0
2013/08/05,0.00,100.0,100.0
2013/08/06,0.00,100.0,100.0
2013/08/07,0.10,100.0,100.0
2013/08/08,8.80,100.0,100.0
2013/08/09,0.00,100.0,100.0
2013/08/10,1.20,100.0,100.0
2013/08/11,0.00,100.0,100.0
2013/08/12,3.10,100.0,100.0
2013/08/13,0.20,100.0,100.0
2013/08/14,0.00,100.0,100.0
2013/08/15,0.20,100.0,100.0
2013/08/16,0.00,100.0,100.0
2013/08/17,0.00,100.0,100.0
2013/08/18,0.00,100.0,100.0
2013/08/19,0.00,100.0,100.0
2013/08/20,0.00,100.0,100.0
2013/08/21,0.00,100.0,100.0
2013/08/22,0.00,100.0,100.0
2013/08/23,0.00,100.0,100.0
2013/08/24,0.00,100.0,100.0
2013/08/25,0.00,100.0,100.0
2013/08/26,0.00,100.0,100.0
2013/08/27,0.00,100.0,100.0
2013/08/28,0.00,100.0,100.0
2013/08/29,0.00,100.0,100.0
2013/08/30,0.00,100.0,100.0
2013/08/31,0.00,100.0,100.0
2013/09/01,0.00,100.0,100.0
2013/09/02,0.00,100.0,100.0
2013/09/03,1.50,100.0,100.0
2013/09/04,0.00,100.0,100.0
2013/09/05,0.00,100.0,100.0
2013/09/06,0.00,100.0,100.0
2013/09/07,0.00,100.0,100.0
2013/09/08,1.10,100.0,100.0
2013/09/09,1.20,100.0,100.0
2013/09/10,0.00,100.0,100.0
2013/09/11,1.10,100.0,100.0
2013/09/12,0.00,100.0,100.0
2013/09/13,2.10,100.0,100.0
2013/09/14,0.00,100.0,100.0
2013/09/15,0.00,100.0,100.0
2013/09/16,0.00,100.0,100.0
2013/09/17,0.00,100.0,100.0
2013/09/18,0.00,100.0,100.0
2013/09/19,0.00,100.0,100.0
2013/09/20,0.00,100.0,100.0
2013/09/21,0.00,100.0,100.0
2013/09/22,0.00,100.0,100.0
2013/09/23,0.00,100.0,100.0
2013/09/24,0.00,100.0,100.0
2013/09/25,0.00,100.0,100.0
2013/09/26,0.00,100.0,100.0
2013/09/27,0.00,100.0,100.0
2013/09/28,0.00,100.0,100.0
2013/09/29,0.50,100.0,100.0
2013/09/30,20.80,100.0,100.0
2013/10/01,0.00,100.0,100.0
2013/10/02,2.40,100.0,100.0
2013/10/03,2.10,100.0,100.0
2013/10/04,3.50,100.0,100.0
2013/10/05,0.00,100.0,100.0
2013/10/06,0.00,100.0,100.0
2013/10/07,0.00,100.0,100.0
2013/10/08,0.00,100.0,100.0
2013/10/09,0.00,100.0,100.0
2013/10/10,6.30,100.0,100.0
2013/10/11,1.40,100.0,100.0
2013/10/12,9.70,100.0,100.0
2013/10/13,3.50,100.0,100.0
2013/10/14,24.60,100.0,100.0
2013/10/15,1.00,100.0,100.0
2013/10/16,0.00,100.0,100.0
2013/10/17,0.00,100.0,100.0
2013/10/18,0.00,100.0,100.0
2013/10/19,0.00,100.0,100.0
2013/10/20,0.00,100.0,100.0
2013/10/21,0.00,100.0,100.0
2013/10/22,0.00,100.0,100.0
2013/10/23,0.00,100.0,100.0
2013/10/24,0.00,100.0,100.0
2013/10/25,0.00,100.0,100.0
2013/10/26,0.00,100.0,100.0
2013/10/27,0.00,100.0,100.0
2013/10/28,0.00,100.0,100.0
2013/10/29,0.00,100.0,100.0
2013/10/30,0.00,100.0,100.0
2013/10/31,0.00,100.0,100.0
2013/11/01,0.00,100.0,100.0
2013/11/02,0.00,100.0,100.0
2013/11/03,0.00,100.0,100.0
2013/11/04,0.00,100.0,100.0
2013/11/05,0.00,100.0,100.0
2013/11/06,0.00,100.0,100.0
2013/11/07,0.00,100.0,100.0
2013/11/08,2.60,100.0,100.0
2013/11/09,3.30,100.0,100.0
2013/11/10,0.00,100.0,100.0
2013/11/11,0.00,100.0,100.0
2013/11/12,0.00,100.0,100.0
2013/11/13,0.00,100.0,100.0
2013/11/14,0.20,100.0,100.0
2013/11/15,0.00,100.0,100.0
2013/11/16,0.00,100.0,100.0
2013/11/17,1.10,100.0,100.0
2013/11/18,19.80,100.0,100.0
2013/11/19,0.10,100.0,100.0
2013/11/20,0.00,100.0,100.0
2013/11/21,0.00,100.0,100.0
2013/11/22,0.00,100.0,100.0
2013/11/23,0.40,100.0,100.0
2013/11/24,,18.4,16.7
2013/11/25,,,
2013/11/26,,,
2013/11/27,,,
2013/11/28,,,
2013/11/29,,,
2013/11/30,,,
2013/12/01,,,
2013/12/02,,,
2013/12/03,,,
2013/12/04,,,
2013/12/05,,,
2013/12/06,,,
2013/12/07,,,
2013/12/08,,,
2013/12/09,,,
2013/12/10,,,
2013/12/11,,,
2013/12/12,,,
2013/12/13,,,
2013/12/14,,,
2013/12/15,,,
2013/12/16,,,
2013/12/17,,,
2013/12/18,,,
2013/12/19,,,
2013/12/20,,,
2013/12/21,,,
2013/12/22,,,
2013/12/23,,,
2013/12/24,,,
2013/12/25,,,
2013/12/26,,,
2013/12/27,,,
2013/12/28,,,
2013/12/29,,,
2013/12/30,,,
2013/12/31,,,
